-- MySQL dump 10.16  Distrib 10.3.8-MariaDB, for osx10.13 (x86_64)
--
-- Host: localhost    Database: namelist_db
-- ------------------------------------------------------
-- Server version	10.3.8-MariaDB

/*!40101 SET @OLD_CHARACTER_SET_CLIENT=@@CHARACTER_SET_CLIENT */;
/*!40101 SET @OLD_CHARACTER_SET_RESULTS=@@CHARACTER_SET_RESULTS */;
/*!40101 SET @OLD_COLLATION_CONNECTION=@@COLLATION_CONNECTION */;
/*!40101 SET NAMES utf8 */;
/*!40103 SET @OLD_TIME_ZONE=@@TIME_ZONE */;
/*!40103 SET TIME_ZONE='+00:00' */;
/*!40014 SET @OLD_UNIQUE_CHECKS=@@UNIQUE_CHECKS, UNIQUE_CHECKS=0 */;
/*!40014 SET @OLD_FOREIGN_KEY_CHECKS=@@FOREIGN_KEY_CHECKS, FOREIGN_KEY_CHECKS=0 */;
/*!40101 SET @OLD_SQL_MODE=@@SQL_MODE, SQL_MODE='NO_AUTO_VALUE_ON_ZERO' */;
/*!40111 SET @OLD_SQL_NOTES=@@SQL_NOTES, SQL_NOTES=0 */;

--
-- Table structure for table `default_values`
--

DROP TABLE IF EXISTS `default_values`;
/*!40101 SET @saved_cs_client     = @@character_set_client */;
/*!40101 SET character_set_client = utf8 */;
CREATE TABLE `default_values` (
  `id` int(11) NOT NULL AUTO_INCREMENT,
  `input_field_id` int(11) NOT NULL,
  `validation_id` int(11) NOT NULL,
  `display_value` tinyint(1) DEFAULT 0,
  PRIMARY KEY (`id`),
  KEY `input_field_id` (`input_field_id`),
  KEY `validation_id` (`validation_id`),
  CONSTRAINT `option_list_ibfk_1` FOREIGN KEY (`input_field_id`) REFERENCES `input_field` (`id`) ON DELETE CASCADE ON UPDATE CASCADE,
  CONSTRAINT `option_list_ibfk_2` FOREIGN KEY (`validation_id`) REFERENCES `validation` (`id`) ON UPDATE CASCADE
) ENGINE=InnoDB AUTO_INCREMENT=543 DEFAULT CHARSET=latin1;
/*!40101 SET character_set_client = @saved_cs_client */;

--
-- Dumping data for table `default_values`
--

LOCK TABLES `default_values` WRITE;
/*!40000 ALTER TABLE `default_values` DISABLE KEYS */;
INSERT INTO `default_values` VALUES (1,46,47,1),(2,46,46,0),(3,48,51,1),(4,48,50,0),(5,48,50,0),(6,49,55,1),(7,49,54,0),(8,49,54,0),(9,49,54,0),(10,49,54,0),(11,49,54,0),(12,50,62,1),(13,50,61,0),(14,51,65,1),(15,51,64,0),(16,92,108,1),(17,92,107,0),(18,93,111,1),(19,93,110,0),(20,117,137,1),(21,117,136,0),(22,130,152,1),(23,130,151,0),(24,130,151,0),(25,130,151,0),(26,130,151,0),(27,131,158,1),(28,131,157,0),(29,135,164,1),(30,135,163,0),(31,136,167,1),(32,136,166,0),(33,137,170,1),(34,137,169,0),(35,138,173,1),(36,138,172,0),(37,139,176,1),(38,139,175,0),(39,140,179,1),(40,140,178,0),(41,141,182,1),(42,141,181,0),(43,142,185,1),(44,142,184,0),(45,143,188,1),(46,143,187,0),(47,143,187,0),(48,144,192,1),(49,144,191,0),(50,145,195,1),(51,145,194,0),(52,146,198,1),(53,146,197,0),(54,147,201,1),(55,147,200,0),(56,148,204,1),(57,148,203,0),(58,154,212,1),(59,154,211,0),(60,154,211,0),(61,155,216,1),(62,155,215,0),(63,155,215,0),(64,155,215,0),(65,155,215,0),(66,155,215,0),(67,155,215,0),(68,155,215,0),(69,155,215,0),(70,155,215,0),(71,155,215,0),(72,155,215,0),(73,155,215,0),(74,155,215,0),(75,155,215,0),(76,155,215,0),(77,155,215,0),(78,155,215,0),(79,155,215,0),(80,155,215,0),(81,155,215,0),(82,155,215,0),(83,155,215,0),(84,155,215,0),(85,155,215,0),(86,155,215,0),(87,155,215,0),(88,155,215,0),(89,156,245,1),(90,156,244,0),(91,157,248,1),(92,157,247,0),(93,157,247,0),(94,158,252,1),(95,158,251,0),(96,159,255,1),(97,159,254,0),(98,159,254,0),(99,174,273,1),(100,174,272,0),(101,176,277,1),(102,176,276,0),(103,177,280,1),(104,177,279,0),(105,178,283,1),(106,178,282,0),(107,178,282,0),(108,178,282,0),(109,178,282,0),(110,178,282,0),(111,178,282,0),(112,179,291,1),(113,179,290,0),(114,179,290,0),(115,179,290,0),(116,179,290,0),(117,179,290,0),(118,179,290,0),(119,181,300,1),(120,181,299,0),(121,182,303,1),(122,182,302,0),(123,188,311,1),(124,188,310,0),(125,189,314,1),(126,189,313,0),(127,189,313,0),(128,189,313,0),(129,190,319,1),(130,190,318,0),(131,191,322,1),(132,191,321,0),(133,191,321,0),(134,192,326,1),(135,192,325,0),(136,192,325,0),(137,193,330,1),(138,193,329,0),(139,193,329,0),(140,198,338,1),(141,198,337,0),(142,198,337,0),(143,199,342,1),(144,199,341,0),(145,199,341,0),(146,199,341,0),(147,199,341,0),(148,199,341,0),(149,199,341,0),(150,199,341,0),(151,199,341,0),(152,200,352,1),(153,200,351,0),(154,201,355,1),(155,201,354,0),(156,201,354,0),(157,201,354,0),(158,201,354,0),(159,201,354,0),(160,201,354,0),(161,201,354,0),(162,202,364,1),(163,202,363,0),(164,202,363,0),(165,202,363,0),(166,203,369,1),(167,203,368,0),(168,204,372,1),(169,204,371,0),(170,204,371,0),(171,204,371,0),(172,204,371,0),(173,204,371,0),(174,204,371,0),(175,205,380,1),(176,205,379,0),(177,206,383,1),(178,206,382,0),(179,207,386,1),(180,207,385,0),(181,207,385,0),(182,207,385,0),(183,209,392,1),(184,209,391,0),(185,209,391,0),(186,210,396,1),(187,210,395,0),(188,211,399,1),(189,211,398,0),(190,211,398,0),(191,211,398,0),(192,213,405,1),(193,213,404,0),(194,214,408,1),(195,214,407,0),(196,215,411,1),(197,215,410,0),(198,217,415,1),(199,217,414,0),(200,218,418,1),(201,218,417,0),(202,220,422,1),(203,220,421,0),(204,223,427,1),(205,223,426,0),(206,224,430,1),(207,224,429,0),(208,226,434,1),(209,226,433,0),(210,231,441,1),(211,231,440,0),(212,231,440,0),(213,232,445,1),(214,232,444,0),(215,233,448,1),(216,233,447,0),(217,233,447,0),(218,235,453,1),(219,235,452,0),(220,238,458,1),(221,238,457,0),(222,240,462,1),(223,240,461,0),(224,243,467,1),(225,243,466,0),(226,244,470,1),(227,244,469,0),(228,244,469,0),(229,244,469,0),(230,244,469,0),(231,244,469,0),(232,244,469,0),(233,244,469,0),(234,244,469,0),(235,244,469,0),(236,244,469,0),(237,244,469,0),(238,244,469,0),(239,245,484,1),(240,245,483,0),(241,247,488,1),(242,247,487,0),(243,247,487,0),(244,248,492,1),(245,248,491,0),(246,249,495,1),(247,249,494,0),(248,250,498,1),(249,250,497,0),(250,251,501,1),(251,251,500,0),(252,252,504,1),(253,252,503,0),(254,252,503,0),(255,253,508,1),(256,253,507,0),(257,253,507,0),(258,254,512,1),(259,254,511,0),(260,254,511,0),(261,255,516,1),(262,255,515,0),(263,256,519,1),(264,256,518,0),(265,267,532,1),(266,267,531,0),(267,267,531,0),(268,267,531,0),(269,267,531,0),(270,267,531,0),(271,267,531,0),(272,267,531,0),(273,267,531,0),(274,267,531,0),(275,267,531,0),(276,267,531,0),(277,267,531,0),(278,267,531,0),(279,267,531,0),(280,267,531,0),(281,269,550,1),(282,269,549,0),(283,269,549,0),(284,270,554,1),(285,270,553,0),(286,271,557,1),(287,271,556,0),(288,272,560,1),(289,272,559,0),(290,273,563,1),(291,273,562,0),(292,273,562,0),(293,279,572,1),(294,279,571,0),(295,280,575,1),(296,280,574,0),(297,281,578,1),(298,281,577,0),(299,287,586,1),(300,287,585,0),(301,289,590,1),(302,289,589,0),(303,290,593,1),(304,290,592,0),(305,291,596,1),(306,291,595,0),(307,291,595,0),(308,291,595,0),(309,291,595,0),(310,295,605,1),(311,295,604,0),(312,295,604,0),(313,297,610,1),(314,297,609,0),(315,297,609,0),(316,297,609,0),(317,297,609,0),(318,300,618,1),(319,300,617,0),(320,305,625,1),(321,305,624,0),(322,308,630,1),(323,308,629,0),(324,315,639,1),(325,315,638,0),(326,332,658,1),(327,332,657,0),(328,334,662,1),(329,334,661,0),(330,335,665,1),(331,335,664,0),(332,341,673,1),(333,341,672,0),(334,348,682,1),(335,348,681,0),(336,355,691,1),(337,355,690,0),(338,355,690,0),(339,355,690,0),(340,355,690,0),(341,355,690,0),(342,355,690,0),(343,355,690,0),(344,355,690,0),(345,355,690,0),(346,356,702,1),(347,356,701,0),(348,357,705,1),(349,357,704,0),(350,358,708,1),(351,358,707,0),(352,358,707,0),(353,359,712,1),(354,359,711,0),(355,359,711,0),(356,359,711,0),(357,360,717,1),(358,360,716,0),(359,361,720,1),(360,361,719,0),(361,362,723,1),(362,362,722,0),(363,362,722,0),(364,363,727,1),(365,363,726,0),(366,364,730,1),(367,364,729,0),(368,364,729,0),(369,364,729,0),(370,365,735,1),(371,365,734,0),(372,366,738,1),(373,366,737,0),(374,367,741,1),(375,367,740,0),(376,368,744,1),(377,368,743,0),(378,368,743,0),(379,368,743,0),(380,368,743,0),(381,369,750,1),(382,369,749,0),(383,369,749,0),(384,371,755,1),(385,371,754,0),(386,372,758,1),(387,372,757,0),(388,373,761,1),(389,373,760,0),(390,374,764,1),(391,374,763,0),(392,376,768,1),(393,376,767,0),(394,378,772,1),(395,378,771,0),(396,387,783,1),(397,387,782,0),(398,390,788,1),(399,390,787,0),(400,392,792,1),(401,392,791,0),(402,397,799,1),(403,397,798,0),(404,399,803,1),(405,399,802,0),(406,400,806,1),(407,400,805,0),(408,400,805,0),(409,401,810,1),(410,401,809,0),(411,401,809,0),(412,402,814,1),(413,402,813,0),(414,402,813,0),(415,402,813,0),(416,403,819,1),(417,403,818,0),(418,403,818,0),(419,403,818,0),(420,404,824,1),(421,404,823,0),(422,404,823,0),(423,404,823,0),(424,405,829,1),(425,405,828,0),(426,406,832,1),(427,406,831,0),(428,411,839,1),(429,411,838,0),(430,415,845,1),(431,415,844,0),(432,421,853,1),(433,421,852,0),(434,422,856,1),(435,422,855,0),(436,423,859,1),(437,423,858,0),(438,429,867,1),(439,429,866,0),(440,430,870,1),(441,430,869,0),(442,431,873,1),(443,431,872,0),(444,432,876,1),(445,432,875,0),(446,433,879,1),(447,433,878,0),(448,434,882,1),(449,434,881,0),(450,435,885,1),(451,435,884,0),(452,436,888,1),(453,436,887,0),(454,436,887,0),(455,437,892,1),(456,437,891,0),(457,438,895,1),(458,438,894,0),(459,438,894,0),(460,444,904,1),(461,444,903,0),(462,444,903,0),(463,444,903,0),(464,444,903,0),(465,445,910,1),(466,445,909,0),(467,445,909,0),(468,445,909,0),(469,445,909,0),(470,446,916,1),(471,446,915,0),(472,446,915,0),(473,446,915,0),(474,446,915,0),(475,447,922,1),(476,447,921,0),(477,447,921,0),(478,447,921,0),(479,447,921,0),(480,448,928,1),(481,448,927,0),(482,448,927,0),(483,448,927,0),(484,448,927,0),(485,449,934,1),(486,449,933,0),(487,454,941,1),(488,454,940,0),(489,455,944,1),(490,455,943,0),(491,456,947,1),(492,456,946,0),(493,457,950,1),(494,457,949,0),(495,458,953,1),(496,458,952,0),(497,459,956,1),(498,459,955,0),(499,460,959,1),(500,460,958,0),(501,461,962,1),(502,461,961,0),(503,462,965,1),(504,462,964,0),(505,463,968,1),(506,463,967,0),(507,464,971,1),(508,464,970,0),(509,465,974,1),(510,465,973,0),(511,466,977,1),(512,466,976,0),(513,467,980,1),(514,467,979,0),(515,468,983,1),(516,468,982,0),(517,471,988,1),(518,471,987,0),(519,471,987,0),(520,471,987,0),(521,472,993,1),(522,472,992,0),(523,472,992,0),(524,472,992,0),(525,472,992,0),(526,472,992,0),(527,472,992,0),(528,472,992,0),(529,472,992,0),(530,473,1003,1),(531,473,1002,0),(532,474,1006,1),(533,474,1005,0),(534,477,1011,1),(535,477,1010,0),(536,490,1026,1),(537,490,1025,0),(538,490,1025,0),(539,490,1025,0),(540,490,1025,0),(541,490,1025,0),(542,490,1025,0);
/*!40000 ALTER TABLE `default_values` ENABLE KEYS */;
UNLOCK TABLES;

--
-- Table structure for table `input_field`
--

DROP TABLE IF EXISTS `input_field`;
/*!40101 SET @saved_cs_client     = @@character_set_client */;
/*!40101 SET character_set_client = utf8 */;
CREATE TABLE `input_field` (
  `id` int(11) NOT NULL AUTO_INCREMENT,
  `name` varchar(100) NOT NULL,
  `component` varchar(50) NOT NULL,
  `display` tinyint(2) NOT NULL,
  `hard_coded` tinyint(1) DEFAULT 0,
  `inherit_component` varchar(50) DEFAULT NULL,
  `inherit_field` varchar(100) DEFAULT NULL,
  `heading` varchar(100) DEFAULT NULL,
  `subheading` varchar(100) DEFAULT NULL,
  `tertiary_heading` varchar(100) DEFAULT NULL,
  PRIMARY KEY (`id`)
) ENGINE=InnoDB AUTO_INCREMENT=496 DEFAULT CHARSET=latin1;
/*!40101 SET character_set_client = @saved_cs_client */;

--
-- Dumping data for table `input_field`
--

LOCK TABLES `input_field` WRITE;
/*!40000 ALTER TABLE `input_field` DISABLE KEYS */;
INSERT INTO `input_field` VALUES (1,'run_days','',0,0,'','','','',''),(2,'run_hours','',0,0,'','','','',''),(3,'run_minutes','',0,0,'','','','',''),(4,'run_seconds','',0,0,'','','','',''),(5,'start_year','',0,0,'','','','',''),(6,'start_month','',0,0,'','','','',''),(7,'start_day','',0,0,'','','','',''),(8,'start_hour','',0,0,'','','','',''),(9,'start_minute','',0,0,'','','','',''),(10,'start_second','',0,0,'','','','',''),(11,'end_year','',0,0,'','','','',''),(12,'end_month','',0,0,'','','','',''),(13,'end_day','',0,0,'','','','',''),(14,'end_hour','',0,0,'','','','',''),(15,'end_minute','',0,0,'','','','',''),(16,'end_second','',0,0,'','','','',''),(17,'max_dom','',0,0,'','','','',''),(18,'s_we','',0,0,'','','','',''),(19,'e_we','',0,0,'','','','',''),(20,'s_sn','',0,0,'','','','',''),(21,'e_sn','',0,0,'','','','',''),(22,'s_vert','',0,0,'','','','',''),(23,'e_vert','',0,0,'','','','',''),(24,'dx','',0,0,'','','','',''),(25,'dy','',0,0,'','','','',''),(26,'grid_id','',0,0,'','','','',''),(27,'parent_id','',0,0,'','','','',''),(28,'i_parent_start','',0,0,'','','','',''),(29,'j_parent_start','',0,0,'','','','',''),(30,'parent_grid_ratio','',0,0,'','','','',''),(31,'map_proj','',0,0,'','','','',''),(32,'ref_lat','',0,0,'','','','',''),(33,'ref_lon','',0,0,'','','','',''),(34,'truelat1','',0,0,'','','','',''),(35,'truelat2','',0,0,'','','','',''),(36,'stand_lon','',0,0,'','','','',''),(37,'eta_levels','',0,0,'','','','',''),(38,'geog_data_path','',0,1,'','','','',''),(39,'interval_seconds','',0,0,'','','','',''),(40,'gfdda_interval_s','',0,0,'','','','',''),(41,'num_metgrid_levels','',0,0,'','','','',''),(42,'num_metgrid_soil_levels','',0,0,'','','','',''),(43,'num_wif_levels','',0,0,'','','','',''),(44,'wif_input_opt','',0,0,'','','','',''),(45,'geog_data_res','',0,0,'','','','',''),(46,'input_from_file','',1,0,'','','time_control','general',''),(47,'auxinput4_interval','',1,0,'','','time_control','general',''),(48,'diag_print','',1,0,'','','time_control','general',''),(49,'debug_level','',1,0,'','','time_control','general',''),(50,'nwp_diagnostics','',1,0,'','','time_control','general',''),(51,'ignore_iofields_warning','',1,0,'','','time_control','general',''),(52,'run_days','',0,1,'WPS','run_days','time_control','general',''),(53,'run_hours','',0,1,'WPS','run_hours','time_control','general',''),(54,'run_minutes','',0,1,'WPS','run_minutes','time_control','general',''),(55,'run_seconds','',0,1,'WPS','run_seconds','time_control','general',''),(56,'start_year','',0,1,'WPS','run_year','time_control','general',''),(57,'start_month','',0,1,'WPS','start_month','time_control','general',''),(58,'start_day','',0,1,'WPS','start_day','time_control','general',''),(59,'start_hour','',0,1,'WPS','start_hour','time_control','general',''),(60,'start_minute','',0,1,'WPS','start_minute','time_control','general',''),(61,'start_second','',0,1,'WPS','start_second','time_control','general',''),(62,'end_year','',0,1,'WPS','end_year','time_control','general',''),(63,'end_month','',0,1,'WPS','end_month','time_control','general',''),(64,'end_day','',0,1,'WPS','end_day','time_control','general',''),(65,'end_hour','',0,1,'WPS','end_hour','time_control','general',''),(66,'end_minute','',0,1,'WPS','end_minute','time_control','general',''),(67,'end_second','',0,1,'WPS','end_second','time_control','general',''),(68,'frames_per_outfile','',0,0,'','','time_control','history files',''),(69,'history_interval_d','',0,0,'','','time_control','history files',''),(70,'history_interval_h','',0,0,'','','time_control','history files',''),(71,'history_interval_m','',0,0,'','','time_control','history files',''),(72,'history_interval_s','',0,0,'','','time_control','history files',''),(73,'inputout_interval_d','',0,1,'NWP','cycling_frequency_d','time_control','history files',''),(74,'inputout_interval_h','',0,1,'NWP','cycling_frequency_h','time_control','history files',''),(75,'inputout_interval_m','',0,1,'NWP','cycling_frequency_m','time_control','history files',''),(76,'inputout_interval_s','',0,1,'NWP','cycling_frequency_s','time_control','history files',''),(77,'inputout_begin_d','',0,1,'NWP','cycling_frequency_d','time_control','history files',''),(78,'inputout_begin_h','',0,1,'NWP','cycling_frequency_h','time_control','history files',''),(79,'inputout_begin_m','',0,1,'NWP','cycling_frequency_m','time_control','history files',''),(80,'inputout_begin_s','',0,1,'NWP','cycling_frequency_s','time_control','history files',''),(81,'inputout_end_d','',0,1,'NWP','cycling_frequency_d','time_control','history files',''),(82,'inputout_end_h','',0,1,'NWP','cycling_frequency_h','time_control','history files',''),(83,'inputout_end_m','',0,1,'NWP','cycling_frequency_m','time_control','history files',''),(84,'inputout_end_s','',0,1,'NWP','cycling_frequency_s','time_control','history files',''),(85,'input_outname','',0,1,'','','time_control','history files',''),(86,'auxinput4_inname','',0,1,'','','time_control','history files',''),(87,'auxinput1_inname','',0,1,'','','time_control','history files',''),(88,'write_input','',0,1,'','','time_control','history files',''),(89,'adjust_output_times','',0,1,'','','time_control','history files',''),(90,'cycling','',0,1,'','','time_control','history files',''),(91,'output_ready_flag','',0,1,'','','time_control','history files',''),(92,'hypsometric_opt','',1,0,'','','domains','General',''),(93,'feedback','',1,0,'','','domains','General',''),(94,'smooth_option','',1,0,'','','domains','General',''),(95,'max_dom','',0,1,'WPS','max_dom','domains','General',''),(96,'s_we','',0,1,'WPS','s_we','domains','General',''),(97,'e_we','',0,1,'WPS','e_we','domains','General',''),(98,'s_sn','',0,1,'WPS','s_sn','domains','General',''),(99,'e_sn','',0,1,'WPS','e_sn','domains','General',''),(100,'s_vert','',0,1,'WPS','s_vert','domains','General',''),(101,'e_vert','',0,1,'WPS','e_vert','domains','General',''),(102,'dx','',0,1,'WPS','dx','domains','General',''),(103,'dy','',0,1,'WPS','dy','domains','General',''),(104,'grid_id','',0,1,'WPS','grid_id','domains','General',''),(105,'parent_id','',0,1,'WPS','parent_id','domains','General',''),(106,'i_parent_start','',0,1,'WPS','i_parent_start','domains','General',''),(107,'j_parent_start','',0,1,'WPS','j_parent_start','domains','General',''),(108,'parent_grid_ratio','',0,1,'WPS','parent_grid_ratio','domains','General',''),(109,'eta_levels','',0,1,'WPS','eta_levels','domains','General',''),(110,'p_top_requested','',1,0,'','','domains','General',''),(111,'ztop','',1,0,'','','domains','General',''),(112,'time_step','',1,0,'','','domains','Basic time step',''),(113,'time_step_fract_num','',1,0,'','','domains','Basic time step',''),(114,'time_step_fract_den','',1,0,'','','domains','Basic time step',''),(115,'time_step_dfi','',1,0,'','','domains','Basic time step',''),(116,'parent_time_step_ratio','',1,0,'','','domains','Basic time step',''),(117,'use_adaptive_time_step','',1,0,'','','domains','Adaptive time step',''),(118,'min_time_step','',1,0,'','','domains','Adaptive time step',''),(119,'min_time_step_den','',1,0,'','','domains','Adaptive time step',''),(120,'max_time_step','',1,0,'','','domains','Adaptive time step',''),(121,'max_time_step_den','',1,0,'','','domains','Adaptive time step',''),(122,'target_cfl','',1,0,'','','domains','Adaptive time step',''),(123,'target_hcfl','',1,0,'','','domains','Adaptive time step',''),(124,'max_step_increase_pct','',1,0,'','','domains','Adaptive time step',''),(125,'starting_time_step','',1,0,'','','domains','Adaptive time step',''),(126,'starting_time_step_den','',1,0,'','','domains','Adaptive time step',''),(127,'step_to_output_time','',1,0,'','','domains','Adaptive time step',''),(128,'adaptation_domain','',1,0,'','','domains','Adaptive time step',''),(129,'use_adaptive_time_step_dfi','',1,0,'','','domains','Adaptive time step',''),(130,'interp_method_type','',1,0,'','','domains','Horizontal and vertical interpolation',''),(131,'force_sfc_in_vinterp','',1,0,'','','domains','Horizontal and vertical interpolation',''),(132,'maxw_horiz_pres_diff','',2,0,'','','domains','Horizontal and vertical interpolation',''),(133,'trop_horiz_pres_diff','',2,0,'','','domains','Horizontal and vertical interpolation',''),(134,'maxw_above_this_level','',2,0,'','','domains','Horizontal and vertical interpolation',''),(135,'use_maxw_level','',2,0,'','','domains','Horizontal and vertical interpolation',''),(136,'use_trop_level','',2,0,'','','domains','Horizontal and vertical interpolation',''),(137,'interp_theta','',2,0,'','','domains','Horizontal and vertical interpolation',''),(138,'interp_type','',2,0,'','','domains','Horizontal and vertical interpolation',''),(139,'extrap_type','',2,0,'','','domains','Horizontal and vertical interpolation',''),(140,'t_extrap_type','',2,0,'','','domains','Horizontal and vertical interpolation',''),(141,'use_levels_below_ground','',2,0,'','','domains','Horizontal and vertical interpolation',''),(142,'use_surface','',2,0,'','','domains','Horizontal and vertical interpolation',''),(143,'lagrange_order','',2,0,'','','domains','Horizontal and vertical interpolation',''),(144,'lowest_lev_from_sfc','',1,0,'','','domains','Horizontal and vertical interpolation',''),(145,'sfcp_to_sfcp','',1,0,'','','domains','Horizontal and vertical interpolation',''),(146,'rh2qv_wrt_liquid','',2,0,'','','domains','Horizontal and vertical interpolation',''),(147,'rh2qv_method','',2,0,'','','domains','Horizontal and vertical interpolation',''),(148,'smooth_cg_topo','',1,0,'','','domains','Horizontal and vertical interpolation',''),(149,'ocean_levels','',1,0,'','','domains','3D ocean model',''),(150,'ocean_z','',1,0,'','','domains','3D ocean model',''),(151,'ocean_t','',1,0,'','','domains','3D ocean model',''),(152,'ocean_s','',1,0,'','','domains','3D ocean model',''),(153,'cam_abs_dim2','',0,1,'WRF','e_vert','domains','3D ocean model',''),(154,'physics_suite','',1,0,'','','physics','general',''),(155,'mp_physics','',1,0,'','','physics','Microphysics',''),(156,'gsfcgce_hail','',2,0,'','','physics','Microphysics',''),(157,'gsfcgce_2ice','',2,0,'','','physics','Microphysics',''),(158,'do_radar_ref','',2,0,'','','physics','Microphysics',''),(159,'mp_zero_out','',2,0,'','','physics','Microphysics',''),(160,'mp_zero_out_thresh','',2,0,'','','physics','Microphysics',''),(161,'mp_tend_lim','',2,0,'','','physics','Microphysics',''),(162,'ccn_conc','',2,0,'','','physics','Microphysics',''),(163,'hail_opt','',2,0,'','','physics','Microphysics',''),(164,'nssl_cccn','',2,0,'','','physics','Microphysics',''),(165,'nssl_alphah','',2,0,'','','physics','Microphysics',''),(166,'nssl_alphahl','',2,0,'','','physics','Microphysics',''),(167,'nssl_cnoh','',2,0,'','','physics','Microphysics',''),(168,'nssl_cnohl','',2,0,'','','physics','Microphysics',''),(169,'nssl_cnor','',2,0,'','','physics','Microphysics',''),(170,'nssl_cnos','',2,0,'','','physics','Microphysics',''),(171,'nssl_rho_qh','',2,0,'','','physics','Microphysics',''),(172,'nssl_rho_qhl','',2,0,'','','physics','Microphysics',''),(173,'nssl_rho_qs','',2,0,'','','physics','Microphysics',''),(174,'no_mp_heating','',2,0,'','','physics','Microphysics',''),(175,'use_mp_re','',2,0,'','','physics','Microphysics',''),(176,'use_aero_icbc','',2,0,'','','physics','Microphysics',''),(177,'use_rap_aero_icbc','',2,0,'','','physics','Microphysics',''),(178,'ra_lw_physics','',1,0,'','','physics','Radiation',''),(179,'ra_sw_physics','',1,0,'','','physics','Radiation',''),(180,'radt','',1,0,'','','physics','Radiation',''),(181,'swint_opt','',2,0,'','','physics','Radiation',''),(182,'ra_call_offset','',2,0,'','','physics','Radiation',''),(183,'co2tf','',2,0,'','','physics','Radiation',''),(184,'cam_abs_freq_s','',2,0,'','','physics','Radiation',''),(185,'levsiz','',2,0,'','','physics','Radiation',''),(186,'paerlev','',2,0,'','','physics','Radiation',''),(187,'cam_abs_dim1','',2,0,'','','physics','Radiation',''),(188,'o3input','',2,0,'','','physics','Radiation',''),(189,'aer_opt','',2,0,'','','physics','Radiation',''),(190,'aer_aod550_opt','',1,0,'','','physics','Radiation','Options to allow RRTMG and Goddard schemes to see constant aerosols'),(191,'aer_angexp_opt','',1,0,'','','physics','Radiation','Options to allow RRTMG and Goddard schemes to see constant aerosols'),(192,'aer_ssa_opt','',1,0,'','','physics','Radiation','Options to allow RRTMG and Goddard schemes to see constant aerosols'),(193,'aer_asy_opt','',1,0,'','','physics','Radiation','Options to allow RRTMG and Goddard schemes to see constant aerosols'),(194,'aer_aod550_val','',1,0,'','','physics','Radiation','Options to allow RRTMG and Goddard schemes to see constant aerosols'),(195,'aer_angexp_val','',1,0,'','','physics','Radiation','Options to allow RRTMG and Goddard schemes to see constant aerosols'),(196,'aer_ssa_val','',1,0,'','','physics','Radiation','Options to allow RRTMG and Goddard schemes to see constant aerosols'),(197,'aer_asy_val','',1,0,'','','physics','Radiation','Options to allow RRTMG and Goddard schemes to see constant aerosols'),(198,'aer_type','',1,0,'','','physics','Radiation','Options to allow RRTMG and Goddard schemes to see constant aerosols'),(199,'sf_sfclay_physics','',1,0,'','','physics','Land/Ocean surface models and fluxes',''),(200,'iz0tlnd','',2,0,'','','physics','Land/Ocean surface models and fluxes',''),(201,'sf_surface_physics','',1,0,'','','physics','Land/Ocean surface models and fluxes',''),(202,'sf_urban_physics','',1,0,'','','physics','Land/Ocean surface models and fluxes',''),(203,'ua_phys','',2,0,'','','physics','Land/Ocean surface models and fluxes',''),(204,'num_soil_layers','',1,0,'','','physics','Land/Ocean surface models and fluxes',''),(205,'isfflx','',2,0,'','','physics','Land/Ocean surface models and fluxes',''),(206,'ifsnow','',2,0,'','','physics','Land/Ocean surface models and fluxes',''),(207,'icloud','',2,0,'','','physics','Land/Ocean surface models and fluxes',''),(208,'swrad_scat','',2,0,'','','physics','Land/Ocean surface models and fluxes',''),(209,'surface_input_source','',2,0,'','','physics','Land/Ocean surface models and fluxes',''),(210,'pxlsm_smois_init','',2,0,'','','physics','Land/Ocean surface models and fluxes',''),(211,'num_land_cat','',2,0,'','','physics','Land/Ocean surface models and fluxes',''),(212,'num_soil_cat','',2,0,'','','physics','Land/Ocean surface models and fluxes',''),(213,'usemonalb','',2,0,'','','physics','Land/Ocean surface models and fluxes',''),(214,'rdmaxalb','',2,0,'','','physics','Land/Ocean surface models and fluxes',''),(215,'rdlai2d','',2,0,'','','physics','Land/Ocean surface models and fluxes',''),(216,'seaice_threshold','',2,0,'','','physics','Land/Ocean surface models and fluxes',''),(217,'sst_update','',2,0,'','','physics','Land/Ocean surface models and fluxes',''),(218,'tmn_update','',2,0,'','','physics','Land/Ocean surface models and fluxes',''),(219,'lagday','',2,0,'','','physics','Land/Ocean surface models and fluxes',''),(220,'sst_skin','',1,0,'','','physics','Land/Ocean surface models and fluxes',''),(221,'bucket_mm','',2,0,'','','physics','Land/Ocean surface models and fluxes',''),(222,'bucket_j','',2,0,'','','physics','Land/Ocean surface models and fluxes',''),(223,'slope_rad','',2,0,'','','physics','Land/Ocean surface models and fluxes',''),(224,'topo_shading','',2,0,'','','physics','Land/Ocean surface models and fluxes',''),(225,'shadlen','',2,0,'','','physics','Land/Ocean surface models and fluxes',''),(226,'sf_ocean_physics','',2,0,'','','physics','Land/Ocean surface models and fluxes',''),(227,'omdt','',2,0,'','','physics','Land/Ocean surface models and fluxes',''),(228,'oml_hml0','',2,0,'','','physics','Land/Ocean surface models and fluxes',''),(229,'oml_gamma','',2,0,'','','physics','Land/Ocean surface models and fluxes',''),(230,'oml_relaxation_time','',2,0,'','','physics','Land/Ocean surface models and fluxes',''),(231,'isftcflx','',2,0,'','','physics','Land/Ocean surface models and fluxes',''),(232,'fractional_seaice','',1,0,'','','physics','Land/Ocean surface models and fluxes','Sea ice'),(233,'seaice_albedo_opt','',1,0,'','','physics','Land/Ocean surface models and fluxes','Sea ice'),(234,'seaice_albedo_default','',1,0,'','','physics','Land/Ocean surface models and fluxes','Sea ice'),(235,'seaice_snowdepth_opt','',1,0,'','','physics','Land/Ocean surface models and fluxes','Sea ice'),(236,'seaice_snowdepth_max','',1,0,'','','physics','Land/Ocean surface models and fluxes','Sea ice'),(237,'seaice_snowdepth_min','',1,0,'','','physics','Land/Ocean surface models and fluxes','Sea ice'),(238,'seaice_thickness_opt','',1,0,'','','physics','Land/Ocean surface models and fluxes','Sea ice'),(239,'seaice_thickness_default','',1,0,'','','physics','Land/Ocean surface models and fluxes','Sea ice'),(240,'sf_lake_physics','',1,0,'','','physics','Land/Ocean surface models and fluxes','Lake Physics'),(241,'lakedepth_default','',1,0,'','','physics','Land/Ocean surface models and fluxes','Lake Physics'),(242,'lake_min_elev','',1,0,'','','physics','Land/Ocean surface models and fluxes','Lake Physics'),(243,'use_lakedepth','',1,0,'','','physics','Land/Ocean surface models and fluxes','Lake Physics'),(244,'bl_pbl_physics','',1,0,'','','physics','Boundary Layer',''),(245,'mfshconv','',2,0,'','','physics','Boundary Layer',''),(246,'bldt','',1,0,'','','physics','Boundary Layer',''),(247,'topo_wind','',2,0,'','','physics','Boundary Layer',''),(248,'bl_mynn_tkebudget','',2,0,'','','physics','Boundary Layer',''),(249,'bl_mynn_tkeadvect','',2,0,'','','physics','Boundary Layer',''),(250,'icloud_bl','',2,0,'','','physics','Boundary Layer',''),(251,'bl_mynn_cloudmix','',2,0,'','','physics','Boundary Layer',''),(252,'bl_mynn_mixlength','',2,0,'','','physics','Boundary Layer',''),(253,'bl_mynn_cloudpdf','',2,0,'','','physics','Boundary Layer',''),(254,'bl_mynn_edmf','',2,0,'','','physics','Boundary Layer',''),(255,'bl_mynn_edmf_mom','',2,0,'','','physics','Boundary Layer',''),(256,'bl_mynn_edmf_tke','',2,0,'','','physics','Boundary Layer',''),(257,'scalar_pblmix','',2,0,'','','physics','Boundary Layer',''),(258,'tracer_pblmix','',2,0,'','','physics','Boundary Layer',''),(259,'shinhong_tke_diag','',2,0,'','','physics','Boundary Layer',''),(260,'opt_thcnd','',2,0,'','','physics','Boundary Layer',''),(261,'sf_surface_mosaic','',2,0,'','','physics','Boundary Layer',''),(262,'mosaic_cat','',2,0,'','','physics','Boundary Layer',''),(263,'mosaic_lu','',2,0,'','','physics','Boundary Layer',''),(264,'mosaic_soil','',2,0,'','','physics','Boundary Layer',''),(265,'grav_settling','',2,0,'','','physics','Boundary Layer',''),(266,'ysu_topdown_pblmix','',2,0,'','','physics','Boundary Layer',''),(267,'cu_physics','',1,0,'','','physics','Cumulus',''),(268,'cudt','',1,0,'','','physics','Cumulus',''),(269,'kfeta_trigger','',2,0,'','','physics','Cumulus',''),(270,'ishallow','',2,0,'','','physics','Cumulus',''),(271,'ishallow','',2,0,'','','physics','Cumulus',''),(272,'cu_diag','',2,0,'','','physics','Cumulus',''),(273,'shcu_physics','',2,0,'','','physics','Cumulus',''),(274,'maxiens','',2,0,'','','physics','Cumulus',''),(275,'maxens','',2,0,'','','physics','Cumulus',''),(276,'maxens2','',2,0,'','','physics','Cumulus',''),(277,'maxens3','',2,0,'','','physics','Cumulus',''),(278,'ensdim','',2,0,'','','physics','Cumulus',''),(279,'cugd_avedx','',2,0,'','','physics','Cumulus',''),(280,'nsas_dx_factor','',2,0,'','','physics','Cumulus',''),(281,'shallowcu_forced_ra','',2,0,'','','physics','Cumulus',''),(282,'numbins','',2,0,'','','physics','Cumulus',''),(283,'thbinsize','',2,0,'','','physics','Cumulus',''),(284,'rbinsize','',2,0,'','','physics','Cumulus',''),(285,'mindeepfreq','',2,0,'','','physics','Cumulus',''),(286,'minshallowfreq','',2,0,'','','physics','Cumulus',''),(287,'kf_edrates','',2,0,'','','physics','Cumulus',''),(288,'convtrans_avglen_m','',2,0,'','','physics','Cumulus',''),(289,'cu_rad_feedback','',2,0,'','','physics','Cumulus',''),(290,'hailcast_opt','',2,0,'','','physics','Cumulus',''),(291,'lightning_option','',1,0,'','','physics','Lightning (requires do_radar_ref=1)',''),(292,'lightning_dt','',1,0,'','','physics','Lightning (requires do_radar_ref=1)',''),(293,'lightning_start_seconds','',1,0,'','','physics','Lightning (requires do_radar_ref=1)',''),(294,'flashrate_factor','',1,0,'','','physics','Lightning (requires do_radar_ref=1)',''),(295,'cellcount_method','',1,0,'','','physics','Lightning (requires do_radar_ref=1)',''),(296,'cldtop_adjustment','',1,0,'','','physics','Lightning (requires do_radar_ref=1)',''),(297,'iccg_method','',1,0,'','','physics','Lightning (requires do_radar_ref=1)',''),(298,'iccg_prescribed_num','',1,0,'','','physics','Lightning (requires do_radar_ref=1)',''),(299,'iccg_prescribed_den','',1,0,'','','physics','Lightning (requires do_radar_ref=1)',''),(300,'rand_perturb','',1,0,'','','stoch','General',''),(301,'lengthscale_rand_pert','',1,0,'','','stoch','General',''),(302,'timescale_rand_pert','',1,0,'','','stoch','General',''),(303,'gridpt_stddev_rand_pert','',1,0,'','','stoch','General',''),(304,'stddev_cutoff_rand_pert','',1,0,'','','stoch','General',''),(305,'rand_pert_vertstruc','',1,0,'','','stoch','General',''),(306,'nens','',0,1,'NWP','ensemble_number','stoch','General',''),(307,'iseed_rand_pert','',1,0,'','','stoch','General',''),(308,'sppt','',1,0,'','','stoch','Stochastically perturbed physical tendencies (SPPT)',''),(309,'lengthscale_sppt','',1,0,'','','stoch','Stochastically perturbed physical tendencies (SPPT)',''),(310,'timescale_sppt','',1,0,'','','stoch','Stochastically perturbed physical tendencies (SPPT)',''),(311,'gridpt_stddev_sppt','',1,0,'','','stoch','Stochastically perturbed physical tendencies (SPPT)',''),(312,'stddev_cutoff_sppt','',1,0,'','','stoch','Stochastically perturbed physical tendencies (SPPT)',''),(313,'sppt_vertstruc','',1,0,'','','stoch','Stochastically perturbed physical tendencies (SPPT)',''),(314,'iseed_sppt','',1,0,'','','stoch','Stochastically perturbed physical tendencies (SPPT)',''),(315,'skebs','',1,0,'','','stoch','Kinetic-energy backscatter scheme (SKEBS)',''),(316,'tot_backscat_psi','',1,0,'','','stoch','Kinetic-energy backscatter scheme (SKEBS)',''),(317,'tot_backscat_t','',1,0,'','','stoch','Kinetic-energy backscatter scheme (SKEBS)',''),(318,'ztau_psi','',1,0,'','','stoch','Kinetic-energy backscatter scheme (SKEBS)',''),(319,'ztau_t','',1,0,'','','stoch','Kinetic-energy backscatter scheme (SKEBS)',''),(320,'rexponent_psi','',1,0,'','','stoch','Kinetic-energy backscatter scheme (SKEBS)',''),(321,'rexponent_t','',1,0,'','','stoch','Kinetic-energy backscatter scheme (SKEBS)',''),(322,'kminforc','',1,0,'','','stoch','Kinetic-energy backscatter scheme (SKEBS)',''),(323,'lminforc','',1,0,'','','stoch','Kinetic-energy backscatter scheme (SKEBS)',''),(324,'kminforct','',1,0,'','','stoch','Kinetic-energy backscatter scheme (SKEBS)',''),(325,'lminforct','',1,0,'','','stoch','Kinetic-energy backscatter scheme (SKEBS)',''),(326,'kmaxforc','',1,0,'','','stoch','Kinetic-energy backscatter scheme (SKEBS)',''),(327,'lmaxforc','',1,0,'','','stoch','Kinetic-energy backscatter scheme (SKEBS)',''),(328,'kmaxforct','',1,0,'','','stoch','Kinetic-energy backscatter scheme (SKEBS)',''),(329,'lmaxforct','',1,0,'','','stoch','Kinetic-energy backscatter scheme (SKEBS)',''),(330,'zsigma2_eps','',1,0,'','','stoch','Kinetic-energy backscatter scheme (SKEBS)',''),(331,'zsigma2_eta','',1,0,'','','stoch','Kinetic-energy backscatter scheme (SKEBS)',''),(332,'skebs_vertstruc','',1,0,'','','stoch','Kinetic-energy backscatter scheme (SKEBS)',''),(333,'iseed_skebs','',1,0,'','','stoch','Kinetic-energy backscatter scheme (SKEBS)',''),(334,'spp','',1,0,'','','stoch','Stochastically perturbed parameter scheme(SPP)',''),(335,'spp_conv','',1,0,'','','stoch','Stochastically perturbed parameter scheme(SPP)','SPP for convective scheme'),(336,'lengthscale_spp_conv','',1,0,'','','stoch','Stochastically perturbed parameter scheme(SPP)','SPP for convective scheme'),(337,'timescale_spp_conv','',1,0,'','','stoch','Stochastically perturbed parameter scheme(SPP)','SPP for convective scheme'),(338,'gridpt_stddev_spp_conv','',1,0,'','','stoch','Stochastically perturbed parameter scheme(SPP)','SPP for convective scheme'),(339,'stddev_cutoff_spp_conv','',1,0,'','','stoch','Stochastically perturbed parameter scheme(SPP)','SPP for convective scheme'),(340,'iseed_spp_conv','',1,0,'','','stoch','Stochastically perturbed parameter scheme(SPP)','SPP for convective scheme'),(341,'spp_pbl','',1,0,'','','stoch','Stochastically perturbed parameter scheme(SPP)','SPP for MYNN scheme'),(342,'gridpt_stddev_spp_pbl','',1,0,'','','stoch','Stochastically perturbed parameter scheme(SPP)','SPP for MYNN scheme'),(343,'stddev_cutoff_spp_pbl','',1,0,'','','stoch','Stochastically perturbed parameter scheme(SPP)','SPP for MYNN scheme'),(344,'lengthscale_spp_pbl','',1,0,'','','stoch','Stochastically perturbed parameter scheme(SPP)','SPP for MYNN scheme'),(345,'timescale_spp_pbl','',1,0,'','','stoch','Stochastically perturbed parameter scheme(SPP)','SPP for MYNN scheme'),(346,'vertstruc_spp_pbl','',1,0,'','','stoch','Stochastically perturbed parameter scheme(SPP)','SPP for MYNN scheme'),(347,'iseed_spp_pbl','',1,0,'','','stoch','Stochastically perturbed parameter scheme(SPP)','SPP for MYNN scheme'),(348,'spp_lsm','',1,0,'','','stoch','Stochastically perturbed parameter scheme(SPP)','SPP for RUC LSM'),(349,'gridpt_stddev_spp_lsm','',1,0,'','','stoch','Stochastically perturbed parameter scheme(SPP)','SPP for RUC LSM'),(350,'stddev_cutoff_spp_lsm','',1,0,'','','stoch','Stochastically perturbed parameter scheme(SPP)','SPP for RUC LSM'),(351,'lengthscale_spp_lsm','',1,0,'','','stoch','Stochastically perturbed parameter scheme(SPP)','SPP for RUC LSM'),(352,'timescale_spp_lsm','',1,0,'','','stoch','Stochastically perturbed parameter scheme(SPP)','SPP for RUC LSM'),(353,'vertstruc_spp_lsm','',1,0,'','','stoch','Stochastically perturbed parameter scheme(SPP)','SPP for RUC LSM'),(354,'iseed_spp_lsm','',1,0,'','','stoch','Stochastically perturbed parameter scheme(SPP)','SPP for RUC LSM'),(355,'dveg','',1,0,'','','noah_mp','',''),(356,'opt_crs','',1,0,'','','noah_mp','',''),(357,'opt_sfc','',1,0,'','','noah_mp','',''),(358,'opt_btr','',1,0,'','','noah_mp','',''),(359,'opt_run','',1,0,'','','noah_mp','',''),(360,'opt_frz','',1,0,'','','noah_mp','',''),(361,'opt_inf','',1,0,'','','noah_mp','',''),(362,'opt_rad','',1,0,'','','noah_mp','',''),(363,'opt_alb','',1,0,'','','noah_mp','',''),(364,'opt_snf','',1,0,'','','noah_mp','',''),(365,'opt_tbot','',1,0,'','','noah_mp','',''),(366,'opt_stc','',1,0,'','','noah_mp','',''),(367,'opt_gla','',1,0,'','','noah_mp','',''),(368,'opt_rsf','',1,0,'','','noah_mp','',''),(369,'grid_fdda','',1,0,'','','fdda','General',''),(370,'fgdt','',1,0,'','','fdda','General',''),(371,'if_no_pbl_nudging_uv','',1,0,'','','fdda','General',''),(372,'if_no_pbl_nudging_t','',1,0,'','','fdda','General',''),(373,'if_no_pbl_nudging_q','',1,0,'','','fdda','General',''),(374,'if_zfac_uv','',1,0,'','','fdda','General',''),(375,'k_zfac_uv','',1,0,'','','fdda','General',''),(376,'if_zfac_t','',1,0,'','','fdda','General',''),(377,'k_zfac_t','',1,0,'','','fdda','General',''),(378,'if_zfac_q','',1,0,'','','fdda','General',''),(379,'k_zfac_q','',1,0,'','','fdda','General',''),(380,'dk_zfac_uv','',1,0,'','','fdda','General',''),(381,'dk_zfac_t','',1,0,'','','fdda','General',''),(382,'guv','',1,0,'','','fdda','General',''),(383,'guv_sfc','',1,0,'','','fdda','General',''),(384,'gt','',1,0,'','','fdda','General',''),(385,'gq','',1,0,'','','fdda','General',''),(386,'dtramp_min','',1,0,'','','fdda','General',''),(387,'if_ramping','',1,0,'','','fdda','General',''),(388,'rinblw','',1,0,'','','fdda','General',''),(389,'gfdda_end_h','',0,0,'','','fdda','General',''),(390,'if_no_pbl_nudging_ph','',1,0,'','','fdda','For spectral nudging',''),(391,'dk_zfac_ph','',1,0,'','','fdda','For spectral nudging',''),(392,'if_zfac_ph','',1,0,'','','fdda','For spectral nudging',''),(393,'k_zfac_ph','',1,0,'','','fdda','For spectral nudging',''),(394,'gph','',1,0,'','','fdda','For spectral nudging',''),(395,'xwavenum','',1,0,'','','fdda','For spectral nudging',''),(396,'ywavenum','',1,0,'','','fdda','For spectral nudging',''),(397,'fgdtzero','',1,0,'','','fdda','For spectral nudging',''),(398,'gfdda_inname','',0,1,'','','fdda','For spectral nudging',''),(399,'rk_ord','',1,0,'','','dynamics','General',''),(400,'diff_opt','',1,0,'','','dynamics','General',''),(401,'diff_opt_dfi','',1,0,'','','dynamics','General',''),(402,'km_opt','',1,0,'','','dynamics','General',''),(403,'km_opt_dfi','',1,0,'','','dynamics','General',''),(404,'damp_opt','',1,0,'','','dynamics','General',''),(405,'use_theta_m','',1,0,'','','dynamics','General',''),(406,'use_q_diabatic','',1,0,'','','dynamics','General',''),(407,'c_s','',2,0,'','','dynamics','General',''),(408,'c_k','',2,0,'','','dynamics','General',''),(409,'zdamp','',1,0,'','','dynamics','General',''),(410,'dampcoef','',1,0,'','','dynamics','General',''),(411,'w_damping','',1,0,'','','dynamics','General',''),(412,'iso_temp','',2,0,'','','dynamics','General',''),(413,'base_pres_strat','',2,0,'','','dynamics','General',''),(414,'base_lapse_strat','',2,0,'','','dynamics','General',''),(415,'use_input_w','',2,0,'','','dynamics','General',''),(416,'khdif','',2,0,'','','dynamics','General',''),(417,'kvdif','',2,0,'','','dynamics','General',''),(418,'smdiv','',2,0,'','','dynamics','General',''),(419,'emdiv','',2,0,'','','dynamics','General',''),(420,'epssm','',2,0,'','','dynamics','General',''),(421,'non_hydrostatic','',1,0,'','','dynamics','General',''),(422,'mix_full_fields','',1,0,'','','dynamics','General',''),(423,'mix_isotropic','',1,0,'','','dynamics','General',''),(424,'mix_upper_bound','',2,0,'','','dynamics','General',''),(425,'time_step_sound','',2,0,'','','dynamics','General',''),(426,'tke_drag_coefficient','',2,0,'','','dynamics','General',''),(427,'tke_heat_flux','',2,0,'','','dynamics','General',''),(428,'fft_filter_lat','',2,0,'','','dynamics','General',''),(429,'coupled_filtering','',2,0,'','','dynamics','General',''),(430,'pos_def','',2,0,'','','dynamics','General',''),(431,'swap_pole_with_next_j','',2,0,'','','dynamics','General',''),(432,'actual_distance_average','',2,0,'','','dynamics','General',''),(433,'gwd_opt','',2,0,'','','dynamics','General',''),(434,'do_avgflx_em','',2,0,'','','dynamics','General',''),(435,'do_avgflx_cugd','',2,0,'','','dynamics','General',''),(436,'sfs_opt','',2,0,'','','dynamics','General',''),(437,'m_opt','',2,0,'','','dynamics','General',''),(438,'diff_6th_opt','',1,0,'','','dynamics','6th-order numerical diffusion',''),(439,'diff_6th_factor','',1,0,'','','dynamics','6th-order numerical diffusion',''),(440,'h_mom_adv_order','',2,0,'','','dynamics','Advection parameters',''),(441,'v_mom_adv_order','',2,0,'','','dynamics','Advection parameters',''),(442,'h_sca_adv_order','',2,0,'','','dynamics','Advection parameters',''),(443,'v_sca_adv_order','',2,0,'','','dynamics','Advection parameters',''),(444,'moist_adv_opt','',1,0,'','','dynamics','Advection parameters',''),(445,'scalar_adv_opt','',1,0,'','','dynamics','Advection parameters',''),(446,'tke_adv_opt','',1,0,'','','dynamics','Advection parameters',''),(447,'chem_adv_opt','',1,0,'','','dynamics','Advection parameters',''),(448,'tracer_adv_opt','',1,0,'','','dynamics','Advection parameters',''),(449,'momentum_adv_opt','',1,0,'','','dynamics','Advection parameters',''),(450,'spec_bdy_width','',1,0,'','','bdy_control','',''),(451,'spec_zone','',1,0,'','','bdy_control','',''),(452,'relax_zone','',1,0,'','','bdy_control','',''),(453,'spec_exp','',2,0,'','','bdy_control','',''),(454,'periodic_x','',2,0,'','','bdy_control','',''),(455,'symmetric_xs','',2,0,'','','bdy_control','',''),(456,'symmetric_xe','',2,0,'','','bdy_control','',''),(457,'open_xs','',2,0,'','','bdy_control','',''),(458,'open_xe','',2,0,'','','bdy_control','',''),(459,'periodic_y','',2,0,'','','bdy_control','',''),(460,'symmetric_ys','',2,0,'','','bdy_control','',''),(461,'symmetric_ye','',2,0,'','','bdy_control','',''),(462,'open_ys','',2,0,'','','bdy_control','',''),(463,'open_ye','',2,0,'','','bdy_control','',''),(464,'polar','',2,0,'','','bdy_control','',''),(465,'constant_bc','',2,0,'','','bdy_control','',''),(466,'spec_bdy_final_mu','',2,0,'','','bdy_control','',''),(467,'have_bcs_moist','',2,0,'','','bdy_control','',''),(468,'have_bcs_scalar','',2,0,'','','bdy_control','',''),(469,'specified','',0,1,'','','bdy_control','',''),(470,'nested','',0,1,'','','bdy_control','',''),(471,'dfi_opt','',1,0,'','','dfi_control','General',''),(472,'dfi_nfilter','',1,0,'','','dfi_control','General',''),(473,'dfi_write_filtered_input','',1,0,'','','dfi_control','General',''),(474,'dfi_write_dfi_history','',1,0,'','','dfi_control','General',''),(475,'dfi_cutoff_seconds','',1,0,'','','dfi_control','General',''),(476,'dfi_time_dim','',1,0,'','','dfi_control','General',''),(477,'dfi_radar','',2,0,'','','dfi_control','General',''),(478,'dfi_fwdstop_year','',0,0,'','','dfi_control','stop times',''),(479,'dfi_fwdstop_month','',0,0,'','','dfi_control','stop times',''),(480,'dfi_fwdstop_day','',0,0,'','','dfi_control','stop times',''),(481,'dfi_fwdstop_hour','',0,0,'','','dfi_control','stop times',''),(482,'dfi_fwdstop_minute','',0,0,'','','dfi_control','stop times',''),(483,'dfi_fwdstop_second','',0,0,'','','dfi_control','stop times',''),(484,'dfi_bckstop_year','',0,0,'','','dfi_control','stop times',''),(485,'dfi_bckstop_month','',0,0,'','','dfi_control','stop times',''),(486,'dfi_bckstop_day','',0,0,'','','dfi_control','stop times',''),(487,'dfi_bckstop_hour','',0,0,'','','dfi_control','stop times',''),(488,'dfi_bckstop_minute','',0,0,'','','dfi_control','stop times',''),(489,'dfi_bckstop_second','',0,0,'','','dfi_control','stop times',''),(490,'da_option','',1,0,'','','dfi_control','Data Assimilation Options',''),(491,'cycling_frequency_d','',1,0,'','','dfi_control','Cycling parameters',''),(492,'cycling_frequency_m','',1,0,'','','dfi_control','Cycling parameters',''),(493,'cycling_frequency_h','',1,0,'','','dfi_control','Cycling parameters',''),(494,'cycling_frequency_s','',1,0,'','','dfi_control','Cycling parameters',''),(495,'domains_to_perform_assimilation','',1,0,'','','dfi_control','Cycling parameters','');
/*!40000 ALTER TABLE `input_field` ENABLE KEYS */;
UNLOCK TABLES;

--
-- Table structure for table `validation`
--

DROP TABLE IF EXISTS `validation`;
/*!40101 SET @saved_cs_client     = @@character_set_client */;
/*!40101 SET character_set_client = utf8 */;
CREATE TABLE `validation` (
  `id` int(11) NOT NULL AUTO_INCREMENT,
  `data_type` tinyint(2) NOT NULL,
  `max_domain` tinyint(1) NOT NULL,
  `tool` tinyint(1) DEFAULT 0,
  `tool_name` varchar(50) NOT NULL,
  `default_bool` tinyint(1) DEFAULT NULL,
  `default_char` varchar(1024) DEFAULT NULL,
  `char_len` int(11) DEFAULT NULL,
  `default_int` int(11) DEFAULT NULL,
  `default_real` double(16,4) DEFAULT NULL,
  PRIMARY KEY (`id`)
) ENGINE=InnoDB AUTO_INCREMENT=1038 DEFAULT CHARSET=latin1;
/*!40101 SET character_set_client = @saved_cs_client */;

--
-- Dumping data for table `validation`
--

LOCK TABLES `validation` WRITE;
/*!40000 ALTER TABLE `validation` DISABLE KEYS */;
INSERT INTO `validation` VALUES (1,0,0,0,'',0,'',0,0,0.0000),(2,0,0,0,'',0,'',0,0,0.0000),(3,0,0,0,'',0,'',0,0,0.0000),(4,0,0,0,'',0,'',0,0,0.0000),(5,0,1,0,'',0,'',0,0,0.0000),(6,0,1,0,'',0,'',0,0,0.0000),(7,0,1,0,'',0,'',0,0,0.0000),(8,0,1,0,'',0,'',0,0,0.0000),(9,0,1,0,'',0,'',0,0,0.0000),(10,0,1,0,'',0,'',0,0,0.0000),(11,0,1,0,'',0,'',0,0,0.0000),(12,0,1,0,'',0,'',0,0,0.0000),(13,0,1,0,'',0,'',0,0,0.0000),(14,0,1,0,'',0,'',0,0,0.0000),(15,0,1,0,'',0,'',0,0,0.0000),(16,0,1,0,'',0,'',0,0,0.0000),(17,0,0,0,'',0,'',0,0,0.0000),(18,0,1,0,'',0,'',0,0,0.0000),(19,0,1,0,'',0,'',0,0,0.0000),(20,0,1,0,'',0,'',0,0,0.0000),(21,0,1,0,'',0,'',0,0,0.0000),(22,0,1,0,'',0,'',0,0,0.0000),(23,0,1,0,'',0,'',0,0,0.0000),(24,1,1,0,'',0,'',0,0,0.0000),(25,1,1,0,'',0,'',0,0,0.0000),(26,0,1,0,'',0,'',0,0,0.0000),(27,0,1,0,'',0,'',0,0,0.0000),(28,0,1,0,'',0,'',0,0,0.0000),(29,0,1,0,'',0,'',0,0,0.0000),(30,0,1,0,'',0,'',0,0,0.0000),(31,0,1,0,'',0,'',0,0,0.0000),(32,0,0,0,'',0,'',0,0,0.0000),(33,0,0,0,'',0,'',0,0,0.0000),(34,1,1,0,'',0,'',0,0,0.0000),(35,1,1,0,'',0,'',0,0,0.0000),(36,1,1,0,'',0,'',0,0,0.0000),(37,1,0,0,'',0,'',0,0,0.0000),(38,2,0,0,'',0,'/path/to/geog/data',0,0,0.0000),(39,0,0,0,'',0,'',0,0,0.0000),(40,0,1,0,'',0,'',0,0,0.0000),(41,0,0,0,'',0,'',0,0,0.0000),(42,0,0,0,'',0,'',0,0,0.0000),(43,0,0,0,'',0,'',0,0,0.0000),(44,0,0,0,'',0,'',0,0,0.0000),(45,2,1,0,'',0,'',0,0,0.0000),(46,3,1,0,'',0,'',0,0,0.0000),(47,3,1,0,'',1,'',0,0,0.0000),(48,3,1,0,'',0,'',0,0,0.0000),(49,0,1,0,'',0,'',0,0,0.0000),(50,0,0,0,'',0,'',0,0,0.0000),(51,0,0,0,'',0,'',0,0,0.0000),(52,0,0,0,'',0,'',0,1,0.0000),(53,0,0,0,'',0,'',0,2,0.0000),(54,0,0,0,'',0,'',0,0,0.0000),(55,0,0,0,'',0,'',0,0,0.0000),(56,0,0,0,'',0,'',0,10,0.0000),(57,0,0,0,'',0,'',0,100,0.0000),(58,0,0,0,'',0,'',0,1000,0.0000),(59,0,0,0,'',0,'',0,5000,0.0000),(60,0,0,0,'',0,'',0,10000,0.0000),(61,0,0,0,'',0,'',0,0,0.0000),(62,0,0,0,'',0,'',0,0,0.0000),(63,0,0,0,'',0,'',0,1,0.0000),(64,3,0,0,'',0,'',0,0,0.0000),(65,3,0,0,'',1,'',0,0,0.0000),(66,3,0,0,'',0,'',0,0,0.0000),(67,0,0,0,'',0,'',0,0,0.0000),(68,0,0,0,'',0,'',0,0,0.0000),(69,0,0,0,'',0,'',0,0,0.0000),(70,0,0,0,'',0,'',0,0,0.0000),(71,0,1,0,'',0,'',0,0,0.0000),(72,0,1,0,'',0,'',0,0,0.0000),(73,0,1,0,'',0,'',0,0,0.0000),(74,0,1,0,'',0,'',0,0,0.0000),(75,0,1,0,'',0,'',0,0,0.0000),(76,0,1,0,'',0,'',0,0,0.0000),(77,0,1,0,'',0,'',0,0,0.0000),(78,0,1,0,'',0,'',0,0,0.0000),(79,0,1,0,'',0,'',0,0,0.0000),(80,0,1,0,'',0,'',0,0,0.0000),(81,0,1,0,'',0,'',0,0,0.0000),(82,0,1,0,'',0,'',0,0,0.0000),(83,0,1,0,'',0,'',0,1,0.0000),(84,0,1,0,'',0,'',0,0,0.0000),(85,0,1,0,'',0,'',0,1,0.0000),(86,0,1,0,'',0,'',0,0,0.0000),(87,0,1,0,'',0,'',0,0,0.0000),(88,0,1,0,'',0,'',0,0,0.0000),(89,0,1,0,'',0,'',0,0,0.0000),(90,0,1,0,'',0,'',0,0,0.0000),(91,0,1,0,'',0,'',0,0,0.0000),(92,0,1,0,'',0,'',0,0,0.0000),(93,0,1,0,'',0,'',0,0,0.0000),(94,0,1,0,'',0,'',0,0,0.0000),(95,0,1,0,'',0,'',0,0,0.0000),(96,0,1,0,'',0,'',0,0,0.0000),(97,0,1,0,'',0,'',0,0,0.0000),(98,0,1,0,'',0,'',0,0,0.0000),(99,0,1,0,'',0,'',0,0,0.0000),(100,2,0,0,'',0,'wrfinput_d<domain>_<date>',0,0,0.0000),(101,2,0,0,'',0,'met_em.d<domain><date>',0,0,0.0000),(102,2,0,0,'',0,'wrflowinp_d<domain>',0,0,0.0000),(103,3,0,0,'',1,'',0,0,0.0000),(104,3,0,0,'',1,'',0,0,0.0000),(105,3,0,0,'',1,'',0,0,0.0000),(106,3,0,0,'',1,'',0,0,0.0000),(107,0,0,0,'',0,'',0,0,0.0000),(108,0,0,0,'',0,'',0,2,0.0000),(109,0,0,0,'',0,'',0,1,0.0000),(110,0,0,0,'',0,'',0,0,0.0000),(111,0,0,0,'',0,'',0,0,0.0000),(112,0,0,0,'',0,'',0,1,0.0000),(113,0,0,0,'',0,'',0,2,0.0000),(114,0,0,0,'',0,'',0,0,0.0000),(115,0,1,0,'',0,'',0,0,0.0000),(116,0,1,0,'',0,'',0,0,0.0000),(117,0,1,0,'',0,'',0,0,0.0000),(118,0,1,0,'',0,'',0,0,0.0000),(119,0,1,0,'',0,'',0,0,0.0000),(120,0,1,0,'',0,'',0,0,0.0000),(121,1,1,0,'',0,'',0,0,0.0000),(122,1,1,0,'',0,'',0,0,0.0000),(123,0,1,0,'',0,'',0,0,0.0000),(124,0,1,0,'',0,'',0,0,0.0000),(125,0,1,0,'',0,'',0,0,0.0000),(126,0,1,0,'',0,'',0,0,0.0000),(127,0,1,0,'',0,'',0,0,0.0000),(128,1,0,0,'',0,'',0,0,0.0000),(129,1,0,0,'',0,'',0,0,5000.0000),(130,1,1,0,'',0,'',0,0,15000.0000),(131,0,0,0,'',0,'',0,-1,0.0000),(132,0,0,0,'',0,'',0,0,0.0000),(133,0,0,0,'',0,'',0,1,0.0000),(134,0,0,0,'',0,'',0,-1,0.0000),(135,0,1,0,'',0,'',0,1,0.0000),(136,3,0,0,'',0,'',0,0,0.0000),(137,3,0,0,'',0,'',0,0,0.0000),(138,3,0,0,'',1,'',0,0,0.0000),(139,0,1,0,'',0,'',0,-1,0.0000),(140,0,1,0,'',0,'',0,0,0.0000),(141,0,1,0,'',0,'',0,-1,0.0000),(142,0,1,0,'',0,'',0,0,0.0000),(143,1,1,0,'',0,'',0,0,1.2000),(144,1,1,0,'',0,'',0,0,0.8400),(145,0,1,0,'',0,'',0,5,0.0000),(146,0,1,0,'',0,'',0,-1,0.0000),(147,0,1,0,'',0,'',0,0,0.0000),(148,3,0,0,'',1,'',0,0,0.0000),(149,0,0,0,'',0,'',0,1,0.0000),(150,3,0,0,'',0,'',0,0,0.0000),(151,0,0,0,'',0,'',0,0,0.0000),(152,0,0,0,'',0,'',0,2,0.0000),(153,0,0,0,'',0,'',0,1,0.0000),(154,0,0,0,'',0,'',0,3,0.0000),(155,0,0,0,'',0,'',0,4,0.0000),(156,0,0,0,'',0,'',0,12,0.0000),(157,0,0,0,'',0,'',0,0,0.0000),(158,0,0,0,'',0,'',0,1,0.0000),(159,0,0,0,'',0,'',0,2,0.0000),(160,1,0,0,'',0,'',0,0,5000.0000),(161,1,0,0,'',0,'',0,0,5000.0000),(162,1,0,0,'',0,'',0,0,30000.0000),(163,0,0,0,'',0,'',0,0,0.0000),(164,0,0,0,'',0,'',0,0,0.0000),(165,0,0,0,'',0,'',0,1,0.0000),(166,0,0,0,'',0,'',0,0,0.0000),(167,0,0,0,'',0,'',0,0,0.0000),(168,0,0,0,'',0,'',0,1,0.0000),(169,3,0,0,'',0,'',0,0,0.0000),(170,3,0,0,'',0,'',0,0,0.0000),(171,3,0,0,'',1,'',0,0,0.0000),(172,0,0,0,'',0,'',0,0,0.0000),(173,0,0,0,'',0,'',0,2,0.0000),(174,0,0,0,'',0,'',0,1,0.0000),(175,0,0,0,'',0,'',0,0,0.0000),(176,0,0,0,'',0,'',0,2,0.0000),(177,0,0,0,'',0,'',0,1,0.0000),(178,0,0,0,'',0,'',0,0,0.0000),(179,0,0,0,'',0,'',0,2,0.0000),(180,0,0,0,'',0,'',0,1,0.0000),(181,3,0,0,'',0,'',0,0,0.0000),(182,3,0,0,'',1,'',0,0,0.0000),(183,3,0,0,'',0,'',0,0,0.0000),(184,3,0,0,'',0,'',0,0,0.0000),(185,3,0,0,'',1,'',0,0,0.0000),(186,3,0,0,'',0,'',0,0,0.0000),(187,0,0,0,'',0,'',0,0,0.0000),(188,0,0,0,'',0,'',0,2,0.0000),(189,0,0,0,'',0,'',0,1,0.0000),(190,0,0,0,'',0,'',0,9,0.0000),(191,3,0,0,'',0,'',0,0,0.0000),(192,3,0,0,'',0,'',0,0,0.0000),(193,3,0,0,'',1,'',0,0,0.0000),(194,3,0,0,'',0,'',0,0,0.0000),(195,3,0,0,'',0,'',0,0,0.0000),(196,3,0,0,'',1,'',0,0,0.0000),(197,3,0,0,'',0,'',0,0,0.0000),(198,3,0,0,'',1,'',0,0,0.0000),(199,3,0,0,'',0,'',0,0,0.0000),(200,0,0,0,'',0,'',0,0,0.0000),(201,0,0,0,'',0,'',0,1,0.0000),(202,0,0,0,'',0,'',0,2,0.0000),(203,3,0,0,'',0,'',0,0,0.0000),(204,3,0,0,'',0,'',0,0,0.0000),(205,3,0,0,'',1,'',0,0,0.0000),(206,0,0,0,'',0,'',0,30,0.0000),(207,1,0,0,'',0,'',0,0,-1.0000),(208,1,0,0,'',0,'',0,0,-1.0000),(209,1,0,0,'',0,'',0,0,-1.0000),(210,0,0,0,'',0,'',0,0,0.0000),(211,2,0,0,'',0,'',0,0,0.0000),(212,2,0,0,'',0,'\'none\'',6,0,0.0000),(213,2,0,0,'',0,'\'tropical\'',10,0,0.0000),(214,2,0,0,'',0,'\'CONUS\'',7,0,0.0000),(215,0,1,0,'',0,'',0,0,0.0000),(216,0,1,0,'',0,'',0,0,0.0000),(217,0,1,0,'',0,'',0,1,0.0000),(218,0,1,0,'',0,'',0,2,0.0000),(219,0,1,0,'',0,'',0,3,0.0000),(220,0,1,0,'',0,'',0,4,0.0000),(221,0,1,0,'',0,'',0,5,0.0000),(222,0,1,0,'',0,'',0,6,0.0000),(223,0,1,0,'',0,'',0,7,0.0000),(224,0,1,0,'',0,'',0,8,0.0000),(225,0,1,0,'',0,'',0,9,0.0000),(226,0,1,0,'',0,'',0,10,0.0000),(227,0,1,0,'',0,'',0,11,0.0000),(228,0,1,0,'',0,'',0,13,0.0000),(229,0,1,0,'',0,'',0,14,0.0000),(230,0,1,0,'',0,'',0,15,0.0000),(231,0,1,0,'',0,'',0,16,0.0000),(232,0,1,0,'',0,'',0,17,0.0000),(233,0,1,0,'',0,'',0,18,0.0000),(234,0,1,0,'',0,'',0,19,0.0000),(235,0,1,0,'',0,'',0,21,0.0000),(236,0,1,0,'',0,'',0,22,0.0000),(237,0,1,0,'',0,'',0,28,0.0000),(238,0,1,0,'',0,'',0,30,0.0000),(239,0,1,0,'',0,'',0,32,0.0000),(240,0,1,0,'',0,'',0,50,0.0000),(241,0,1,0,'',0,'',0,51,0.0000),(242,0,1,0,'',0,'',0,95,0.0000),(243,0,1,0,'',0,'',0,98,0.0000),(244,0,0,0,'',0,'',0,0,0.0000),(245,0,0,0,'',0,'',0,0,0.0000),(246,0,0,0,'',0,'',0,1,0.0000),(247,0,0,0,'',0,'',0,0,0.0000),(248,0,0,0,'',0,'',0,0,0.0000),(249,0,0,0,'',0,'',0,1,0.0000),(250,0,0,0,'',0,'',0,2,0.0000),(251,0,0,0,'',0,'',0,0,0.0000),(252,0,0,0,'',0,'',0,0,0.0000),(253,0,0,0,'',0,'',0,1,0.0000),(254,0,0,0,'',0,'',0,0,0.0000),(255,0,0,0,'',0,'',0,0,0.0000),(256,0,0,0,'',0,'',0,1,0.0000),(257,0,0,0,'',0,'',0,2,0.0000),(258,1,0,0,'',0,'',0,0,0.0000),(259,1,0,0,'',0,'',0,0,10.0000),(260,1,0,0,'',0,'',0,0,100000000.0000),(261,0,0,0,'',0,'',0,0,0.0000),(262,1,1,0,'',0,'',0,0,500000000.0000),(263,1,1,0,'',0,'',0,0,0.0000),(264,1,1,0,'',0,'',0,0,1.0000),(265,1,1,0,'',0,'',0,0,400000.0000),(266,1,1,0,'',0,'',0,0,40000.0000),(267,1,1,0,'',0,'',0,0,800000.0000),(268,1,1,0,'',0,'',0,0,3000000.0000),(269,1,1,0,'',0,'',0,0,500.0000),(270,1,1,0,'',0,'',0,0,900.0000),(271,1,1,0,'',0,'',0,0,100.0000),(272,0,0,0,'',0,'',0,0,0.0000),(273,0,0,0,'',0,'',0,0,0.0000),(274,0,0,0,'',0,'',0,1,0.0000),(275,0,0,0,'',0,'',0,1,0.0000),(276,3,0,0,'',0,'',0,0,0.0000),(277,3,0,0,'',0,'',0,0,0.0000),(278,3,0,0,'',1,'',0,0,0.0000),(279,3,0,0,'',0,'',0,0,0.0000),(280,3,0,0,'',0,'',0,0,0.0000),(281,3,0,0,'',1,'',0,0,0.0000),(282,0,1,0,'',0,'',0,0,0.0000),(283,0,1,0,'',0,'',0,0,0.0000),(284,0,1,0,'',0,'',0,1,0.0000),(285,0,1,0,'',0,'',0,3,0.0000),(286,0,1,0,'',0,'',0,4,0.0000),(287,0,1,0,'',0,'',0,5,0.0000),(288,0,1,0,'',0,'',0,7,0.0000),(289,0,1,0,'',0,'',0,31,0.0000),(290,0,1,0,'',0,'',0,0,0.0000),(291,0,1,0,'',0,'',0,0,0.0000),(292,0,1,0,'',0,'',0,1,0.0000),(293,0,1,0,'',0,'',0,2,0.0000),(294,0,1,0,'',0,'',0,3,0.0000),(295,0,1,0,'',0,'',0,4,0.0000),(296,0,1,0,'',0,'',0,5,0.0000),(297,0,1,0,'',0,'',0,7,0.0000),(298,1,1,0,'',0,'',0,0,0.0000),(299,0,0,0,'',0,'',0,0,0.0000),(300,0,0,0,'',0,'',0,0,0.0000),(301,0,0,0,'',0,'',0,1,0.0000),(302,0,0,0,'',0,'',0,0,0.0000),(303,0,0,0,'',0,'',0,0,0.0000),(304,0,0,0,'',0,'',0,-1,0.0000),(305,0,0,0,'',0,'',0,1,0.0000),(306,1,0,0,'',0,'',0,0,21600.0000),(307,0,0,0,'',0,'',0,1,0.0000),(308,0,0,0,'',0,'',0,1,0.0000),(309,0,0,0,'',0,'',0,1,0.0000),(310,0,0,0,'',0,'',0,0,0.0000),(311,0,0,0,'',0,'',0,2,0.0000),(312,0,0,0,'',0,'',0,0,0.0000),(313,0,0,0,'',0,'',0,0,0.0000),(314,0,0,0,'',0,'',0,0,0.0000),(315,0,0,0,'',0,'',0,1,0.0000),(316,0,0,0,'',0,'',0,2,0.0000),(317,0,0,0,'',0,'',0,3,0.0000),(318,0,1,0,'',0,'',0,0,0.0000),(319,0,1,0,'',0,'',0,1,0.0000),(320,0,1,0,'',0,'',0,2,0.0000),(321,0,1,0,'',0,'',0,0,0.0000),(322,0,1,0,'',0,'',0,1,0.0000),(323,0,1,0,'',0,'',0,2,0.0000),(324,0,1,0,'',0,'',0,3,0.0000),(325,0,1,0,'',0,'',0,0,0.0000),(326,0,1,0,'',0,'',0,1,0.0000),(327,0,1,0,'',0,'',0,2,0.0000),(328,0,1,0,'',0,'',0,3,0.0000),(329,0,1,0,'',0,'',0,0,0.0000),(330,0,1,0,'',0,'',0,1,0.0000),(331,0,1,0,'',0,'',0,2,0.0000),(332,0,1,0,'',0,'',0,3,0.0000),(333,1,1,0,'',0,'',0,0,0.1200),(334,1,1,0,'',0,'',0,0,1.3000),(335,1,1,0,'',0,'',0,0,0.8500),(336,1,1,0,'',0,'',0,0,0.9000),(337,0,1,0,'',0,'',0,0,0.0000),(338,0,1,0,'',0,'',0,1,0.0000),(339,0,1,0,'',0,'',0,2,0.0000),(340,0,1,0,'',0,'',0,3,0.0000),(341,0,1,0,'',0,'',0,0,0.0000),(342,0,1,0,'',0,'',0,1,0.0000),(343,0,1,0,'',0,'',0,0,0.0000),(344,0,1,0,'',0,'',0,2,0.0000),(345,0,1,0,'',0,'',0,3,0.0000),(346,0,1,0,'',0,'',0,4,0.0000),(347,0,1,0,'',0,'',0,5,0.0000),(348,0,1,0,'',0,'',0,7,0.0000),(349,0,1,0,'',0,'',0,10,0.0000),(350,0,1,0,'',0,'',0,91,0.0000),(351,0,0,0,'',0,'',0,0,0.0000),(352,0,0,0,'',0,'',0,0,0.0000),(353,0,0,0,'',0,'',0,1,0.0000),(354,0,1,0,'',0,'',0,0,0.0000),(355,0,1,0,'',0,'',0,1,0.0000),(356,0,1,0,'',0,'',0,0,0.0000),(357,0,1,0,'',0,'',0,2,0.0000),(358,0,1,0,'',0,'',0,3,0.0000),(359,0,1,0,'',0,'',0,4,0.0000),(360,0,1,0,'',0,'',0,5,0.0000),(361,0,1,0,'',0,'',0,7,0.0000),(362,0,1,0,'',0,'',0,8,0.0000),(363,0,1,0,'',0,'',0,0,0.0000),(364,0,1,0,'',0,'',0,0,0.0000),(365,0,1,0,'',0,'',0,1,0.0000),(366,0,1,0,'',0,'',0,2,0.0000),(367,0,1,0,'',0,'',0,3,0.0000),(368,3,0,0,'',0,'',0,0,0.0000),(369,3,0,0,'',0,'',0,0,0.0000),(370,3,0,0,'',1,'',0,0,0.0000),(371,0,0,0,'',0,'',0,0,0.0000),(372,0,0,0,'',0,'',0,5,0.0000),(373,0,0,0,'',0,'',0,4,0.0000),(374,0,0,0,'',0,'',0,6,0.0000),(375,0,0,0,'',0,'',0,9,0.0000),(376,0,0,0,'',0,'',0,10,0.0000),(377,0,0,0,'',0,'',0,2,0.0000),(378,0,0,0,'',0,'',0,3,0.0000),(379,0,0,0,'',0,'',0,0,0.0000),(380,0,0,0,'',0,'',0,1,0.0000),(381,0,0,0,'',0,'',0,0,0.0000),(382,0,0,0,'',0,'',0,0,0.0000),(383,0,0,0,'',0,'',0,1,0.0000),(384,0,0,0,'',0,'',0,0,0.0000),(385,0,0,0,'',0,'',0,0,0.0000),(386,0,0,0,'',0,'',0,1,0.0000),(387,0,0,0,'',0,'',0,0,0.0000),(388,0,0,0,'',0,'',0,2,0.0000),(389,0,0,0,'',0,'',0,3,0.0000),(390,1,0,0,'',0,'',0,0,1.0000),(391,0,0,0,'',0,'',0,0,0.0000),(392,0,0,0,'',0,'',0,3,0.0000),(393,0,0,0,'',0,'',0,1,0.0000),(394,0,0,0,'',0,'',0,2,0.0000),(395,0,1,0,'',0,'',0,0,0.0000),(396,0,1,0,'',0,'',0,1,0.0000),(397,0,1,0,'',0,'',0,0,0.0000),(398,0,0,0,'',0,'',0,0,0.0000),(399,0,0,0,'',0,'',0,21,0.0000),(400,0,0,0,'',0,'',0,24,0.0000),(401,0,0,0,'',0,'',0,20,0.0000),(402,0,0,0,'',0,'',0,28,0.0000),(403,0,0,0,'',0,'',0,16,0.0000),(404,3,0,0,'',0,'',0,0,0.0000),(405,3,0,0,'',0,'',0,0,0.0000),(406,3,0,0,'',1,'',0,0,0.0000),(407,3,0,0,'',0,'',0,0,0.0000),(408,3,0,0,'',1,'',0,0,0.0000),(409,3,0,0,'',0,'',0,0,0.0000),(410,3,0,0,'',0,'',0,0,0.0000),(411,3,0,0,'',0,'',0,0,0.0000),(412,3,0,0,'',1,'',0,0,0.0000),(413,1,0,0,'',0,'',0,0,100.0000),(414,0,0,0,'',0,'',0,0,0.0000),(415,0,0,0,'',0,'',0,0,0.0000),(416,0,0,0,'',0,'',0,1,0.0000),(417,0,0,0,'',0,'',0,0,0.0000),(418,0,0,0,'',0,'',0,0,0.0000),(419,0,0,0,'',0,'',0,1,0.0000),(420,0,0,0,'',0,'',0,150,0.0000),(421,0,0,0,'',0,'',0,0,0.0000),(422,0,0,0,'',0,'',0,0,0.0000),(423,0,0,0,'',0,'',0,1,0.0000),(424,1,0,0,'',0,'',0,0,-1.0000),(425,1,0,0,'',0,'',0,0,-1.0000),(426,0,1,0,'',0,'',0,0,0.0000),(427,0,1,0,'',0,'',0,0,0.0000),(428,0,1,0,'',0,'',0,1,0.0000),(429,0,1,0,'',0,'',0,0,0.0000),(430,0,1,0,'',0,'',0,0,0.0000),(431,0,1,0,'',0,'',0,1,0.0000),(432,1,0,0,'',0,'',0,0,25000.0000),(433,0,0,0,'',0,'',0,0,0.0000),(434,0,0,0,'',0,'',0,0,0.0000),(435,0,0,0,'',0,'',0,1,0.0000),(436,1,0,0,'',0,'',0,0,1.0000),(437,1,0,0,'',0,'',0,0,50.0000),(438,1,0,0,'',0,'',0,0,0.1400),(439,1,0,0,'',0,'',0,0,0.0000),(440,0,0,0,'',0,'',0,0,0.0000),(441,0,0,0,'',0,'',0,0,0.0000),(442,0,0,0,'',0,'',0,1,0.0000),(443,0,0,0,'',0,'',0,2,0.0000),(444,0,0,0,'',0,'',0,0,0.0000),(445,0,0,0,'',0,'',0,0,0.0000),(446,0,0,0,'',0,'',0,1,0.0000),(447,0,0,0,'',0,'',0,0,0.0000),(448,0,0,0,'',0,'',0,0,0.0000),(449,0,0,0,'',0,'',0,1,0.0000),(450,0,0,0,'',0,'',0,2,0.0000),(451,1,0,0,'',0,'',0,0,0.6500),(452,0,0,0,'',0,'',0,0,0.0000),(453,0,0,0,'',0,'',0,0,0.0000),(454,0,0,0,'',0,'',0,1,0.0000),(455,1,0,0,'',0,'',0,0,10000000000.0000),(456,1,0,0,'',0,'',0,0,0.0010),(457,0,0,0,'',0,'',0,0,0.0000),(458,0,0,0,'',0,'',0,0,0.0000),(459,0,0,0,'',0,'',0,1,0.0000),(460,1,0,0,'',0,'',0,0,3.0000),(461,0,1,0,'',0,'',0,0,0.0000),(462,0,1,0,'',0,'',0,0,0.0000),(463,0,1,0,'',0,'',0,1,0.0000),(464,1,1,0,'',0,'',0,0,50.0000),(465,1,1,0,'',0,'',0,0,5.0000),(466,0,1,0,'',0,'',0,0,0.0000),(467,0,1,0,'',0,'',0,1,0.0000),(468,0,1,0,'',0,'',0,0,0.0000),(469,0,1,0,'',0,'',0,0,0.0000),(470,0,1,0,'',0,'',0,1,0.0000),(471,0,1,0,'',0,'',0,0,0.0000),(472,0,1,0,'',0,'',0,2,0.0000),(473,0,1,0,'',0,'',0,4,0.0000),(474,0,1,0,'',0,'',0,5,0.0000),(475,0,1,0,'',0,'',0,6,0.0000),(476,0,1,0,'',0,'',0,7,0.0000),(477,0,1,0,'',0,'',0,8,0.0000),(478,0,1,0,'',0,'',0,9,0.0000),(479,0,1,0,'',0,'',0,10,0.0000),(480,0,1,0,'',0,'',0,11,0.0000),(481,0,1,0,'',0,'',0,12,0.0000),(482,0,1,0,'',0,'',0,99,0.0000),(483,0,1,0,'',0,'',0,0,0.0000),(484,0,1,0,'',0,'',0,1,0.0000),(485,0,1,0,'',0,'',0,0,0.0000),(486,1,1,0,'',0,'',0,0,0.0000),(487,0,1,0,'',0,'',0,0,0.0000),(488,0,1,0,'',0,'',0,0,0.0000),(489,0,1,0,'',0,'',0,1,0.0000),(490,0,1,0,'',0,'',0,2,0.0000),(491,0,1,0,'',0,'',0,0,0.0000),(492,0,1,0,'',0,'',0,0,0.0000),(493,0,1,0,'',0,'',0,1,0.0000),(494,3,1,0,'',0,'',0,0,0.0000),(495,3,1,0,'',0,'',0,0,0.0000),(496,3,1,0,'',1,'',0,0,0.0000),(497,0,0,0,'',0,'',0,0,0.0000),(498,0,0,0,'',0,'',0,1,0.0000),(499,0,0,0,'',0,'',0,0,0.0000),(500,0,1,0,'',0,'',0,0,0.0000),(501,0,1,0,'',0,'',0,0,0.0000),(502,0,1,0,'',0,'',0,1,0.0000),(503,0,0,0,'',0,'',0,0,0.0000),(504,0,0,0,'',0,'',0,1,0.0000),(505,0,0,0,'',0,'',0,0,0.0000),(506,0,0,0,'',0,'',0,2,0.0000),(507,0,0,0,'',0,'',0,0,0.0000),(508,0,0,0,'',0,'',0,2,0.0000),(509,0,0,0,'',0,'',0,0,0.0000),(510,0,0,0,'',0,'',0,1,0.0000),(511,0,1,0,'',0,'',0,0,0.0000),(512,0,1,0,'',0,'',0,0,0.0000),(513,0,1,0,'',0,'',0,1,0.0000),(514,0,1,0,'',0,'',0,2,0.0000),(515,0,1,0,'',0,'',0,0,0.0000),(516,0,1,0,'',0,'',0,1,0.0000),(517,0,1,0,'',0,'',0,0,0.0000),(518,0,1,0,'',0,'',0,0,0.0000),(519,0,1,0,'',0,'',0,0,0.0000),(520,0,1,0,'',0,'',0,1,0.0000),(521,0,1,0,'',0,'',0,0,0.0000),(522,0,1,0,'',0,'',0,1,0.0000),(523,0,1,0,'',0,'',0,0,0.0000),(524,0,0,0,'',0,'',0,1,0.0000),(525,0,0,0,'',0,'',0,0,0.0000),(526,0,0,0,'',0,'',0,3,0.0000),(527,0,0,0,'',0,'',0,0,0.0000),(528,0,0,0,'',0,'',0,0,0.0000),(529,0,1,0,'',0,'',0,0,0.0000),(530,0,0,0,'',0,'',0,0,0.0000),(531,0,1,0,'',0,'',0,0,0.0000),(532,0,1,0,'',0,'',0,0,0.0000),(533,0,1,0,'',0,'',0,1,0.0000),(534,0,1,0,'',0,'',0,2,0.0000),(535,0,1,0,'',0,'',0,3,0.0000),(536,0,1,0,'',0,'',0,4,0.0000),(537,0,1,0,'',0,'',0,5,0.0000),(538,0,1,0,'',0,'',0,6,0.0000),(539,0,1,0,'',0,'',0,7,0.0000),(540,0,1,0,'',0,'',0,10,0.0000),(541,0,1,0,'',0,'',0,11,0.0000),(542,0,1,0,'',0,'',0,14,0.0000),(543,0,1,0,'',0,'',0,16,0.0000),(544,0,1,0,'',0,'',0,93,0.0000),(545,0,1,0,'',0,'',0,94,0.0000),(546,0,1,0,'',0,'',0,95,0.0000),(547,0,1,0,'',0,'',0,99,0.0000),(548,1,1,0,'',0,'',0,0,0.0000),(549,0,0,0,'',0,'',0,0,0.0000),(550,0,0,0,'',0,'',0,1,0.0000),(551,0,0,0,'',0,'',0,2,0.0000),(552,0,0,0,'',0,'',0,3,0.0000),(553,0,0,0,'',0,'',0,0,0.0000),(554,0,0,0,'',0,'',0,0,0.0000),(555,0,0,0,'',0,'',0,1,0.0000),(556,0,0,0,'',0,'',0,0,0.0000),(557,0,0,0,'',0,'',0,0,0.0000),(558,0,0,0,'',0,'',0,1,0.0000),(559,0,1,0,'',0,'',0,0,0.0000),(560,0,1,0,'',0,'',0,0,0.0000),(561,0,1,0,'',0,'',0,1,0.0000),(562,0,1,0,'',0,'',0,0,0.0000),(563,0,1,0,'',0,'',0,0,0.0000),(564,0,1,0,'',0,'',0,2,0.0000),(565,0,1,0,'',0,'',0,3,0.0000),(566,0,0,0,'',0,'',0,1,0.0000),(567,0,0,0,'',0,'',0,3,0.0000),(568,0,0,0,'',0,'',0,3,0.0000),(569,0,0,0,'',0,'',0,16,0.0000),(570,0,0,0,'',0,'',0,144,0.0000),(571,0,0,0,'',0,'',0,0,0.0000),(572,0,0,0,'',0,'',0,1,0.0000),(573,0,0,0,'',0,'',0,3,0.0000),(574,0,0,0,'',0,'',0,0,0.0000),(575,0,0,0,'',0,'',0,0,0.0000),(576,0,0,0,'',0,'',0,1,0.0000),(577,3,1,0,'',0,'',0,0,0.0000),(578,3,1,0,'',0,'',0,0,0.0000),(579,3,1,0,'',1,'',0,0,0.0000),(580,0,1,0,'',0,'',0,21,0.0000),(581,1,1,0,'',0,'',0,0,1.0000),(582,1,1,0,'',0,'',0,0,1.0000),(583,1,1,0,'',0,'',0,0,1.0000),(584,1,1,0,'',0,'',0,0,1.0000),(585,0,1,0,'',0,'',0,0,0.0000),(586,0,1,0,'',0,'',0,0,0.0000),(587,0,1,0,'',0,'',0,1,0.0000),(588,1,0,0,'',0,'',0,0,30.0000),(589,3,1,0,'',0,'',0,0,0.0000),(590,3,1,0,'',0,'',0,0,0.0000),(591,3,1,0,'',1,'',0,0,0.0000),(592,0,1,0,'',0,'',0,0,0.0000),(593,0,1,0,'',0,'',0,0,0.0000),(594,0,1,0,'',0,'',0,1,0.0000),(595,0,1,0,'',0,'',0,0,0.0000),(596,0,1,0,'',0,'',0,0,0.0000),(597,0,1,0,'',0,'',0,1,0.0000),(598,0,1,0,'',0,'',0,2,0.0000),(599,0,1,0,'',0,'',0,3,0.0000),(600,0,1,0,'',0,'',0,11,0.0000),(601,1,1,0,'',0,'',0,0,0.0000),(602,1,1,0,'',0,'',0,0,0.0000),(603,1,1,0,'',0,'',0,0,1.0000),(604,0,1,0,'',0,'',0,0,0.0000),(605,0,1,0,'',0,'',0,0,0.0000),(606,0,1,0,'',0,'',0,1,0.0000),(607,0,1,0,'',0,'',0,2,0.0000),(608,1,1,0,'',0,'',0,0,2.0000),(609,0,1,0,'',0,'',0,0,0.0000),(610,0,1,0,'',0,'',0,0,0.0000),(611,0,1,0,'',0,'',0,1,0.0000),(612,0,1,0,'',0,'',0,2,0.0000),(613,0,1,0,'',0,'',0,3,0.0000),(614,0,1,0,'',0,'',0,4,0.0000),(615,1,1,0,'',0,'',0,0,0.0000),(616,1,1,0,'',0,'',0,0,1.0000),(617,0,1,0,'',0,'',0,0,0.0000),(618,0,1,0,'',0,'',0,0,0.0000),(619,0,1,0,'',0,'',0,1,0.0000),(620,1,1,0,'',0,'',0,0,500000.0000),(621,1,1,0,'',0,'',0,0,21600.0000),(622,1,1,0,'',0,'',0,0,0.0300),(623,1,1,0,'',0,'',0,0,3.0000),(624,0,0,0,'',0,'',0,0,0.0000),(625,0,0,0,'',0,'',0,0,0.0000),(626,0,0,0,'',0,'',0,1,0.0000),(627,0,0,0,'',0,'',0,0,0.0000),(628,0,0,0,'',0,'',0,17,0.0000),(629,0,1,0,'',0,'',0,0,0.0000),(630,0,1,0,'',0,'',0,0,0.0000),(631,0,1,0,'',0,'',0,1,0.0000),(632,1,1,0,'',0,'',0,0,150000.0000),(633,1,1,0,'',0,'',0,0,21600.0000),(634,1,1,0,'',0,'',0,0,0.5000),(635,1,1,0,'',0,'',0,0,2.0000),(636,0,0,0,'',0,'',0,0,0.0000),(637,0,0,0,'',0,'',0,53,0.0000),(638,0,1,0,'',0,'',0,0,0.0000),(639,0,1,0,'',0,'',0,0,0.0000),(640,0,1,0,'',0,'',0,1,0.0000),(641,1,1,0,'',0,'',0,0,0.0000),(642,1,1,0,'',0,'',0,0,0.0000),(643,1,0,0,'',0,'',0,0,10800.0000),(644,1,0,0,'',0,'',0,0,10800.0000),(645,1,0,0,'',0,'',0,0,-1.8300),(646,1,0,0,'',0,'',0,0,-1.8300),(647,0,0,0,'',0,'',0,1,0.0000),(648,0,0,0,'',0,'',0,1,0.0000),(649,0,0,0,'',0,'',0,1,0.0000),(650,0,0,0,'',0,'',0,1,0.0000),(651,0,0,0,'',0,'',0,1000000,0.0000),(652,0,0,0,'',0,'',0,1000000,0.0000),(653,0,0,0,'',0,'',0,1000000,0.0000),(654,0,0,0,'',0,'',0,1000000,0.0000),(655,1,0,0,'',0,'',0,0,0.0833),(656,1,0,0,'',0,'',0,0,0.0833),(657,0,0,0,'',0,'',0,0,0.0000),(658,0,0,0,'',0,'',0,0,0.0000),(659,0,0,0,'',0,'',0,1,0.0000),(660,0,0,0,'',0,'',0,811,0.0000),(661,0,1,0,'',0,'',0,0,0.0000),(662,0,1,0,'',0,'',0,0,0.0000),(663,0,1,0,'',0,'',0,1,0.0000),(664,0,1,0,'',0,'',0,0,0.0000),(665,0,1,0,'',0,'',0,0,0.0000),(666,0,1,0,'',0,'',0,1,0.0000),(667,1,1,0,'',0,'',0,0,150000.0000),(668,1,1,0,'',0,'',0,0,21600.0000),(669,1,1,0,'',0,'',0,0,0.3000),(670,1,1,0,'',0,'',0,0,3.0000),(671,0,0,0,'',0,'',0,171,0.0000),(672,0,1,0,'',0,'',0,0,0.0000),(673,0,1,0,'',0,'',0,0,0.0000),(674,0,1,0,'',0,'',0,1,0.0000),(675,1,1,0,'',0,'',0,0,0.1500),(676,1,1,0,'',0,'',0,0,2.0000),(677,1,1,0,'',0,'',0,0,700000.0000),(678,1,1,0,'',0,'',0,0,21600.0000),(679,0,0,0,'',0,'',0,0,0.0000),(680,0,0,0,'',0,'',0,217,0.0000),(681,0,1,0,'',0,'',0,0,0.0000),(682,0,1,0,'',0,'',0,0,0.0000),(683,0,1,0,'',0,'',0,1,0.0000),(684,1,1,0,'',0,'',0,0,0.3000),(685,1,1,0,'',0,'',0,0,3.0000),(686,1,1,0,'',0,'',0,0,50000.0000),(687,1,1,0,'',0,'',0,0,86400.0000),(688,0,0,0,'',0,'',0,0,0.0000),(689,0,0,0,'',0,'',0,317,0.0000),(690,0,0,0,'',0,'',0,0,0.0000),(691,0,0,0,'',0,'',0,4,0.0000),(692,0,0,0,'',0,'',0,1,0.0000),(693,0,0,0,'',0,'',0,2,0.0000),(694,0,0,0,'',0,'',0,3,0.0000),(695,0,0,0,'',0,'',0,5,0.0000),(696,0,0,0,'',0,'',0,6,0.0000),(697,0,0,0,'',0,'',0,7,0.0000),(698,0,0,0,'',0,'',0,8,0.0000),(699,0,0,0,'',0,'',0,9,0.0000),(700,0,0,0,'',0,'',0,10,0.0000),(701,0,0,0,'',0,'',0,0,0.0000),(702,0,0,0,'',0,'',0,1,0.0000),(703,0,0,0,'',0,'',0,2,0.0000),(704,0,0,0,'',0,'',0,0,0.0000),(705,0,0,0,'',0,'',0,1,0.0000),(706,0,0,0,'',0,'',0,2,0.0000),(707,0,0,0,'',0,'',0,0,0.0000),(708,0,0,0,'',0,'',0,1,0.0000),(709,0,0,0,'',0,'',0,2,0.0000),(710,0,0,0,'',0,'',0,3,0.0000),(711,0,0,0,'',0,'',0,0,0.0000),(712,0,0,0,'',0,'',0,3,0.0000),(713,0,0,0,'',0,'',0,1,0.0000),(714,0,0,0,'',0,'',0,2,0.0000),(715,0,0,0,'',0,'',0,4,0.0000),(716,0,0,0,'',0,'',0,0,0.0000),(717,0,0,0,'',0,'',0,1,0.0000),(718,0,0,0,'',0,'',0,2,0.0000),(719,0,0,0,'',0,'',0,0,0.0000),(720,0,0,0,'',0,'',0,1,0.0000),(721,0,0,0,'',0,'',0,2,0.0000),(722,0,0,0,'',0,'',0,0,0.0000),(723,0,0,0,'',0,'',0,3,0.0000),(724,0,0,0,'',0,'',0,1,0.0000),(725,0,0,0,'',0,'',0,2,0.0000),(726,0,0,0,'',0,'',0,0,0.0000),(727,0,0,0,'',0,'',0,2,0.0000),(728,0,0,0,'',0,'',0,1,0.0000),(729,0,0,0,'',0,'',0,0,0.0000),(730,0,0,0,'',0,'',0,1,0.0000),(731,0,0,0,'',0,'',0,2,0.0000),(732,0,0,0,'',0,'',0,3,0.0000),(733,0,0,0,'',0,'',0,4,0.0000),(734,0,0,0,'',0,'',0,0,0.0000),(735,0,0,0,'',0,'',0,2,0.0000),(736,0,0,0,'',0,'',0,1,0.0000),(737,0,0,0,'',0,'',0,0,0.0000),(738,0,0,0,'',0,'',0,1,0.0000),(739,0,0,0,'',0,'',0,2,0.0000),(740,0,0,0,'',0,'',0,0,0.0000),(741,0,0,0,'',0,'',0,1,0.0000),(742,0,0,0,'',0,'',0,2,0.0000),(743,0,0,0,'',0,'',0,0,0.0000),(744,0,0,0,'',0,'',0,1,0.0000),(745,0,0,0,'',0,'',0,2,0.0000),(746,0,0,0,'',0,'',0,3,0.0000),(747,0,0,0,'',0,'',0,4,0.0000),(748,0,0,0,'',0,'',0,5,0.0000),(749,0,1,0,'',0,'',0,0,0.0000),(750,0,1,0,'',0,'',0,0,0.0000),(751,0,1,0,'',0,'',0,1,0.0000),(752,0,1,0,'',0,'',0,2,0.0000),(753,1,1,0,'',0,'',0,0,0.0000),(754,0,1,0,'',0,'',0,0,0.0000),(755,0,1,0,'',0,'',0,0,0.0000),(756,0,1,0,'',0,'',0,1,0.0000),(757,0,1,0,'',0,'',0,0,0.0000),(758,0,1,0,'',0,'',0,0,0.0000),(759,0,1,0,'',0,'',0,1,0.0000),(760,0,1,0,'',0,'',0,0,0.0000),(761,0,1,0,'',0,'',0,0,0.0000),(762,0,1,0,'',0,'',0,1,0.0000),(763,0,1,0,'',0,'',0,0,0.0000),(764,0,1,0,'',0,'',0,0,0.0000),(765,0,1,0,'',0,'',0,1,0.0000),(766,0,1,0,'',0,'',0,0,0.0000),(767,0,1,0,'',0,'',0,0,0.0000),(768,0,1,0,'',0,'',0,0,0.0000),(769,0,1,0,'',0,'',0,1,0.0000),(770,0,1,0,'',0,'',0,0,0.0000),(771,0,1,0,'',0,'',0,0,0.0000),(772,0,1,0,'',0,'',0,0,0.0000),(773,0,1,0,'',0,'',0,1,0.0000),(774,0,1,0,'',0,'',0,0,0.0000),(775,0,1,0,'',0,'',0,1,0.0000),(776,0,1,0,'',0,'',0,1,0.0000),(777,1,1,0,'',0,'',0,0,0.0003),(778,1,1,0,'',0,'',0,0,0.0003),(779,1,1,0,'',0,'',0,0,0.0003),(780,1,1,0,'',0,'',0,0,0.0003),(781,1,0,0,'',0,'',0,0,0.0000),(782,0,0,0,'',0,'',0,0,0.0000),(783,0,0,0,'',0,'',0,0,0.0000),(784,0,0,0,'',0,'',0,1,0.0000),(785,1,1,0,'',0,'',0,0,0.0000),(786,0,1,0,'',0,'',0,0,0.0000),(787,0,1,0,'',0,'',0,0,0.0000),(788,0,1,0,'',0,'',0,0,0.0000),(789,0,1,0,'',0,'',0,1,0.0000),(790,0,1,0,'',0,'',0,1,0.0000),(791,0,1,0,'',0,'',0,0,0.0000),(792,0,1,0,'',0,'',0,0,0.0000),(793,0,1,0,'',0,'',0,1,0.0000),(794,0,1,0,'',0,'',0,0,0.0000),(795,1,1,0,'',0,'',0,0,0.0003),(796,0,1,0,'',0,'',0,3,0.0000),(797,0,1,0,'',0,'',0,3,0.0000),(798,0,1,0,'',0,'',0,0,0.0000),(799,0,1,0,'',0,'',0,0,0.0000),(800,0,1,0,'',0,'',0,1,0.0000),(801,2,0,0,'',0,'wrffdda_d<domain>',0,0,0.0000),(802,0,0,0,'',0,'',0,0,0.0000),(803,0,0,0,'',0,'',0,2,0.0000),(804,0,0,0,'',0,'',0,3,0.0000),(805,0,1,0,'',0,'',0,0,0.0000),(806,0,1,0,'',0,'',0,0,0.0000),(807,0,1,0,'',0,'',0,1,0.0000),(808,0,1,0,'',0,'',0,2,0.0000),(809,0,1,0,'',0,'',0,0,0.0000),(810,0,1,0,'',0,'',0,0,0.0000),(811,0,1,0,'',0,'',0,1,0.0000),(812,0,1,0,'',0,'',0,2,0.0000),(813,0,1,0,'',0,'',0,0,0.0000),(814,0,1,0,'',0,'',0,1,0.0000),(815,0,1,0,'',0,'',0,2,0.0000),(816,0,1,0,'',0,'',0,3,0.0000),(817,0,1,0,'',0,'',0,4,0.0000),(818,0,1,0,'',0,'',0,0,0.0000),(819,0,1,0,'',0,'',0,1,0.0000),(820,0,1,0,'',0,'',0,2,0.0000),(821,0,1,0,'',0,'',0,3,0.0000),(822,0,1,0,'',0,'',0,4,0.0000),(823,0,0,0,'',0,'',0,0,0.0000),(824,0,0,0,'',0,'',0,0,0.0000),(825,0,0,0,'',0,'',0,1,0.0000),(826,0,0,0,'',0,'',0,2,0.0000),(827,0,0,0,'',0,'',0,3,0.0000),(828,0,0,0,'',0,'',0,0,0.0000),(829,0,0,0,'',0,'',0,0,0.0000),(830,0,0,0,'',0,'',0,1,0.0000),(831,0,0,0,'',0,'',0,0,0.0000),(832,0,0,0,'',0,'',0,0,0.0000),(833,0,0,0,'',0,'',0,1,0.0000),(834,1,1,0,'',0,'',0,0,0.2500),(835,1,1,0,'',0,'',0,0,0.1500),(836,1,1,0,'',0,'',0,0,5000.0000),(837,1,1,0,'',0,'',0,0,0.0000),(838,0,0,0,'',0,'',0,0,0.0000),(839,0,0,0,'',0,'',0,0,0.0000),(840,0,0,0,'',0,'',0,1,0.0000),(841,1,0,0,'',0,'',0,0,200.0000),(842,1,0,0,'',0,'',0,0,0.0000),(843,1,0,0,'',0,'',0,0,-11.0000),(844,3,0,0,'',0,'',0,0,0.0000),(845,3,0,0,'',1,'',0,0,0.0000),(846,3,0,0,'',0,'',0,0,0.0000),(847,1,1,0,'',0,'',0,0,0.0000),(848,1,1,0,'',0,'',0,0,0.0000),(849,1,1,0,'',0,'',0,0,0.1000),(850,1,1,0,'',0,'',0,0,0.0100),(851,1,1,0,'',0,'',0,0,0.1000),(852,3,1,0,'',0,'',0,0,0.0000),(853,3,1,0,'',1,'',0,0,0.0000),(854,3,1,0,'',0,'',0,0,0.0000),(855,3,1,0,'',0,'',0,0,0.0000),(856,3,1,0,'',1,'',0,0,0.0000),(857,3,1,0,'',0,'',0,0,0.0000),(858,0,1,0,'',0,'',0,0,0.0000),(859,0,1,0,'',0,'',0,0,0.0000),(860,0,1,0,'',0,'',0,1,0.0000),(861,1,1,0,'',0,'',0,0,0.1000),(862,0,1,0,'',0,'',0,0,0.0000),(863,1,1,0,'',0,'',0,0,0.0000),(864,1,1,0,'',0,'',0,0,0.0000),(865,1,0,0,'',0,'',0,0,91.0000),(866,3,0,0,'',0,'',0,0,0.0000),(867,3,0,0,'',1,'',0,0,0.0000),(868,3,0,0,'',0,'',0,0,0.0000),(869,3,0,0,'',0,'',0,0,0.0000),(870,3,0,0,'',0,'',0,0,0.0000),(871,3,0,0,'',1,'',0,0,0.0000),(872,3,0,0,'',0,'',0,0,0.0000),(873,3,0,0,'',0,'',0,0,0.0000),(874,3,0,0,'',1,'',0,0,0.0000),(875,3,0,0,'',0,'',0,0,0.0000),(876,3,0,0,'',0,'',0,0,0.0000),(877,3,0,0,'',1,'',0,0,0.0000),(878,0,0,0,'',0,'',0,0,0.0000),(879,0,0,0,'',0,'',0,0,0.0000),(880,0,0,0,'',0,'',0,1,0.0000),(881,0,1,0,'',0,'',0,0,0.0000),(882,0,1,0,'',0,'',0,0,0.0000),(883,0,1,0,'',0,'',0,1,0.0000),(884,0,1,0,'',0,'',0,0,0.0000),(885,0,1,0,'',0,'',0,0,0.0000),(886,0,1,0,'',0,'',0,1,0.0000),(887,0,1,0,'',0,'',0,0,0.0000),(888,0,1,0,'',0,'',0,0,0.0000),(889,0,1,0,'',0,'',0,1,0.0000),(890,0,1,0,'',0,'',0,2,0.0000),(891,0,1,0,'',0,'',0,0,0.0000),(892,0,1,0,'',0,'',0,0,0.0000),(893,0,1,0,'',0,'',0,1,0.0000),(894,0,1,0,'',0,'',0,0,0.0000),(895,0,1,0,'',0,'',0,0,0.0000),(896,0,1,0,'',0,'',0,1,0.0000),(897,0,1,0,'',0,'',0,2,0.0000),(898,1,1,0,'',0,'',0,0,0.1200),(899,0,1,0,'',0,'',0,5,0.0000),(900,0,1,0,'',0,'',0,3,0.0000),(901,0,1,0,'',0,'',0,5,0.0000),(902,0,1,0,'',0,'',0,3,0.0000),(903,0,1,0,'',0,'',0,0,0.0000),(904,0,1,0,'',0,'',0,1,0.0000),(905,0,1,0,'',0,'',0,0,0.0000),(906,0,1,0,'',0,'',0,2,0.0000),(907,0,1,0,'',0,'',0,3,0.0000),(908,0,1,0,'',0,'',0,4,0.0000),(909,0,1,0,'',0,'',0,0,0.0000),(910,0,1,0,'',0,'',0,1,0.0000),(911,0,1,0,'',0,'',0,0,0.0000),(912,0,1,0,'',0,'',0,2,0.0000),(913,0,1,0,'',0,'',0,3,0.0000),(914,0,1,0,'',0,'',0,4,0.0000),(915,0,1,0,'',0,'',0,0,0.0000),(916,0,1,0,'',0,'',0,1,0.0000),(917,0,1,0,'',0,'',0,0,0.0000),(918,0,1,0,'',0,'',0,2,0.0000),(919,0,1,0,'',0,'',0,3,0.0000),(920,0,1,0,'',0,'',0,4,0.0000),(921,0,1,0,'',0,'',0,0,0.0000),(922,0,1,0,'',0,'',0,1,0.0000),(923,0,1,0,'',0,'',0,0,0.0000),(924,0,1,0,'',0,'',0,2,0.0000),(925,0,1,0,'',0,'',0,3,0.0000),(926,0,1,0,'',0,'',0,4,0.0000),(927,0,1,0,'',0,'',0,0,0.0000),(928,0,1,0,'',0,'',0,1,0.0000),(929,0,1,0,'',0,'',0,0,0.0000),(930,0,1,0,'',0,'',0,2,0.0000),(931,0,1,0,'',0,'',0,3,0.0000),(932,0,1,0,'',0,'',0,4,0.0000),(933,0,1,0,'',0,'',0,0,0.0000),(934,0,1,0,'',0,'',0,1,0.0000),(935,0,1,0,'',0,'',0,3,0.0000),(936,0,0,0,'',0,'',0,5,0.0000),(937,0,0,0,'',0,'',0,1,0.0000),(938,0,0,0,'',0,'',0,4,0.0000),(939,1,0,0,'',0,'',0,0,0.0000),(940,3,1,0,'',0,'',0,0,0.0000),(941,3,1,0,'',0,'',0,0,0.0000),(942,3,1,0,'',1,'',0,0,0.0000),(943,3,1,0,'',0,'',0,0,0.0000),(944,3,1,0,'',0,'',0,0,0.0000),(945,3,1,0,'',1,'',0,0,0.0000),(946,3,1,0,'',0,'',0,0,0.0000),(947,3,1,0,'',0,'',0,0,0.0000),(948,3,1,0,'',1,'',0,0,0.0000),(949,3,1,0,'',0,'',0,0,0.0000),(950,3,1,0,'',0,'',0,0,0.0000),(951,3,1,0,'',1,'',0,0,0.0000),(952,3,1,0,'',0,'',0,0,0.0000),(953,3,1,0,'',0,'',0,0,0.0000),(954,3,1,0,'',1,'',0,0,0.0000),(955,3,1,0,'',0,'',0,0,0.0000),(956,3,1,0,'',0,'',0,0,0.0000),(957,3,1,0,'',1,'',0,0,0.0000),(958,3,1,0,'',0,'',0,0,0.0000),(959,3,1,0,'',0,'',0,0,0.0000),(960,3,1,0,'',1,'',0,0,0.0000),(961,3,1,0,'',0,'',0,0,0.0000),(962,3,1,0,'',0,'',0,0,0.0000),(963,3,1,0,'',1,'',0,0,0.0000),(964,3,1,0,'',0,'',0,0,0.0000),(965,3,1,0,'',0,'',0,0,0.0000),(966,3,1,0,'',1,'',0,0,0.0000),(967,3,1,0,'',0,'',0,0,0.0000),(968,3,1,0,'',0,'',0,0,0.0000),(969,3,1,0,'',1,'',0,0,0.0000),(970,3,1,0,'',0,'',0,0,0.0000),(971,3,1,0,'',0,'',0,0,0.0000),(972,3,1,0,'',1,'',0,0,0.0000),(973,3,0,0,'',0,'',0,0,0.0000),(974,3,0,0,'',0,'',0,0,0.0000),(975,3,0,0,'',1,'',0,0,0.0000),(976,0,0,0,'',0,'',0,0,0.0000),(977,0,0,0,'',0,'',0,0,0.0000),(978,0,0,0,'',0,'',0,1,0.0000),(979,3,1,0,'',0,'',0,0,0.0000),(980,3,1,0,'',0,'',0,0,0.0000),(981,3,1,0,'',1,'',0,0,0.0000),(982,3,1,0,'',0,'',0,0,0.0000),(983,3,1,0,'',0,'',0,0,0.0000),(984,3,1,0,'',1,'',0,0,0.0000),(985,3,1,0,'',1,'',0,0,0.0000),(986,3,1,0,'',0,'',0,0,0.0000),(987,0,0,0,'',0,'',0,0,0.0000),(988,0,0,0,'',0,'',0,0,0.0000),(989,0,0,0,'',0,'',0,1,0.0000),(990,0,0,0,'',0,'',0,2,0.0000),(991,0,0,0,'',0,'',0,3,0.0000),(992,0,0,0,'',0,'',0,0,0.0000),(993,0,0,0,'',0,'',0,7,0.0000),(994,0,0,0,'',0,'',0,0,0.0000),(995,0,0,0,'',0,'',0,1,0.0000),(996,0,0,0,'',0,'',0,2,0.0000),(997,0,0,0,'',0,'',0,3,0.0000),(998,0,0,0,'',0,'',0,4,0.0000),(999,0,0,0,'',0,'',0,5,0.0000),(1000,0,0,0,'',0,'',0,6,0.0000),(1001,0,0,0,'',0,'',0,8,0.0000),(1002,3,0,0,'',0,'',0,0,0.0000),(1003,3,0,0,'',0,'',0,0,0.0000),(1004,3,0,0,'',1,'',0,0,0.0000),(1005,3,0,0,'',0,'',0,0,0.0000),(1006,3,0,0,'',0,'',0,0,0.0000),(1007,3,0,0,'',1,'',0,0,0.0000),(1008,0,0,0,'',0,'',0,3600,0.0000),(1009,0,0,0,'',0,'',0,1000,0.0000),(1010,0,0,0,'',0,'',0,0,0.0000),(1011,0,0,0,'',0,'',0,0,0.0000),(1012,0,0,0,'',0,'',0,1,0.0000),(1013,0,0,0,'',0,'',0,0,0.0000),(1014,0,0,0,'',0,'',0,0,0.0000),(1015,0,0,0,'',0,'',0,0,0.0000),(1016,0,0,0,'',0,'',0,0,0.0000),(1017,0,0,0,'',0,'',0,0,0.0000),(1018,0,0,0,'',0,'',0,0,0.0000),(1019,0,0,0,'',0,'',0,0,0.0000),(1020,0,0,0,'',0,'',0,0,0.0000),(1021,0,0,0,'',0,'',0,0,0.0000),(1022,0,0,0,'',0,'',0,0,0.0000),(1023,0,0,0,'',0,'',0,0,0.0000),(1024,0,0,0,'',0,'',0,0,0.0000),(1025,2,0,0,'',0,'',0,0,0.0000),(1026,2,0,0,'',0,'3DVar',5,0,0.0000),(1027,2,0,0,'',0,'Ensemble_3DEnsVar_full_resolution',33,0,0.0000),(1028,2,0,0,'',0,'Ensemble_4DEnsVar_full_resolution',33,0,0.0000),(1029,2,0,0,'',0,'Control_3DEnsVar_full_resolution',32,0,0.0000),(1030,2,0,0,'',0,'Control_4DEnsVar_full_resolution',32,0,0.0000),(1031,2,0,0,'',0,'Control_3DEnsVar_GFS',20,0,0.0000),(1032,2,0,0,'',0,'Control_4DEnsVar_GFS',20,0,0.0000),(1033,0,0,0,'',0,'',0,0,0.0000),(1034,0,0,0,'',0,'',0,0,0.0000),(1035,0,0,0,'',0,'',0,3,0.0000),(1036,0,0,0,'',0,'',0,0,0.0000),(1037,0,0,0,'',0,'',0,1,0.0000);
/*!40000 ALTER TABLE `validation` ENABLE KEYS */;
UNLOCK TABLES;
/*!40103 SET TIME_ZONE=@OLD_TIME_ZONE */;

/*!40101 SET SQL_MODE=@OLD_SQL_MODE */;
/*!40014 SET FOREIGN_KEY_CHECKS=@OLD_FOREIGN_KEY_CHECKS */;
/*!40014 SET UNIQUE_CHECKS=@OLD_UNIQUE_CHECKS */;
/*!40101 SET CHARACTER_SET_CLIENT=@OLD_CHARACTER_SET_CLIENT */;
/*!40101 SET CHARACTER_SET_RESULTS=@OLD_CHARACTER_SET_RESULTS */;
/*!40101 SET COLLATION_CONNECTION=@OLD_COLLATION_CONNECTION */;
/*!40111 SET SQL_NOTES=@OLD_SQL_NOTES */;

-- Dump completed on 2018-07-20 16:03:50
