-- MySQL dump 10.16  Distrib 10.3.7-MariaDB, for osx10.13 (x86_64)
--
-- Host: localhost    Database: namelist_db
-- ------------------------------------------------------
-- Server version	10.3.7-MariaDB

/*!40101 SET @OLD_CHARACTER_SET_CLIENT=@@CHARACTER_SET_CLIENT */;
/*!40101 SET @OLD_CHARACTER_SET_RESULTS=@@CHARACTER_SET_RESULTS */;
/*!40101 SET @OLD_COLLATION_CONNECTION=@@COLLATION_CONNECTION */;
/*!40101 SET NAMES utf8 */;
/*!40103 SET @OLD_TIME_ZONE=@@TIME_ZONE */;
/*!40103 SET TIME_ZONE='+00:00' */;
/*!40014 SET @OLD_UNIQUE_CHECKS=@@UNIQUE_CHECKS, UNIQUE_CHECKS=0 */;
/*!40014 SET @OLD_FOREIGN_KEY_CHECKS=@@FOREIGN_KEY_CHECKS, FOREIGN_KEY_CHECKS=0 */;
/*!40101 SET @OLD_SQL_MODE=@@SQL_MODE, SQL_MODE='NO_AUTO_VALUE_ON_ZERO' */;
/*!40111 SET @OLD_SQL_NOTES=@@SQL_NOTES, SQL_NOTES=0 */;

--
-- Table structure for table `default_values`
--

DROP TABLE IF EXISTS `default_values`;
/*!40101 SET @saved_cs_client     = @@character_set_client */;
/*!40101 SET character_set_client = utf8 */;
CREATE TABLE `default_values` (
  `id` int(11) NOT NULL AUTO_INCREMENT,
  `input_field_id` int(11) NOT NULL,
  `validation_id` int(11) NOT NULL,
  `display_value` tinyint(1) DEFAULT 0,
  PRIMARY KEY (`id`),
  KEY `input_field_id` (`input_field_id`),
  KEY `validation_id` (`validation_id`),
  CONSTRAINT `option_list_ibfk_1` FOREIGN KEY (`input_field_id`) REFERENCES `input_field` (`id`) ON DELETE CASCADE ON UPDATE CASCADE,
  CONSTRAINT `option_list_ibfk_2` FOREIGN KEY (`validation_id`) REFERENCES `validation` (`id`) ON UPDATE CASCADE
) ENGINE=InnoDB AUTO_INCREMENT=543 DEFAULT CHARSET=latin1;
/*!40101 SET character_set_client = @saved_cs_client */;

--
-- Dumping data for table `default_values`
--

LOCK TABLES `default_values` WRITE;
/*!40000 ALTER TABLE `default_values` DISABLE KEYS */;
INSERT INTO `default_values` VALUES (1,46,47,1),(2,46,46,0),(3,48,51,1),(4,48,50,0),(5,48,50,0),(6,49,55,1),(7,49,54,0),(8,49,54,0),(9,49,54,0),(10,49,54,0),(11,49,54,0),(12,50,62,1),(13,50,61,0),(14,51,65,1),(15,51,64,0),(16,96,112,1),(17,96,111,0),(18,97,115,1),(19,97,114,0),(20,121,141,1),(21,121,140,0),(22,134,156,1),(23,134,155,0),(24,134,155,0),(25,134,155,0),(26,134,155,0),(27,135,162,1),(28,135,161,0),(29,139,168,1),(30,139,167,0),(31,140,171,1),(32,140,170,0),(33,141,174,1),(34,141,173,0),(35,142,177,1),(36,142,176,0),(37,143,180,1),(38,143,179,0),(39,144,183,1),(40,144,182,0),(41,145,186,1),(42,145,185,0),(43,146,189,1),(44,146,188,0),(45,147,192,1),(46,147,191,0),(47,147,191,0),(48,148,196,1),(49,148,195,0),(50,149,199,1),(51,149,198,0),(52,150,202,1),(53,150,201,0),(54,151,205,1),(55,151,204,0),(56,152,208,1),(57,152,207,0),(58,158,216,1),(59,158,215,0),(60,158,215,0),(61,159,220,1),(62,159,219,0),(63,159,219,0),(64,159,219,0),(65,159,219,0),(66,159,219,0),(67,159,219,0),(68,159,219,0),(69,159,219,0),(70,159,219,0),(71,159,219,0),(72,159,219,0),(73,159,219,0),(74,159,219,0),(75,159,219,0),(76,159,219,0),(77,159,219,0),(78,159,219,0),(79,159,219,0),(80,159,219,0),(81,159,219,0),(82,159,219,0),(83,159,219,0),(84,159,219,0),(85,159,219,0),(86,159,219,0),(87,159,219,0),(88,159,219,0),(89,160,249,1),(90,160,248,0),(91,161,252,1),(92,161,251,0),(93,161,251,0),(94,162,256,1),(95,162,255,0),(96,163,259,1),(97,163,258,0),(98,163,258,0),(99,178,277,1),(100,178,276,0),(101,180,281,1),(102,180,280,0),(103,181,284,1),(104,181,283,0),(105,182,287,1),(106,182,286,0),(107,182,286,0),(108,182,286,0),(109,182,286,0),(110,182,286,0),(111,182,286,0),(112,183,295,1),(113,183,294,0),(114,183,294,0),(115,183,294,0),(116,183,294,0),(117,183,294,0),(118,183,294,0),(119,185,304,1),(120,185,303,0),(121,186,307,1),(122,186,306,0),(123,192,315,1),(124,192,314,0),(125,193,318,1),(126,193,317,0),(127,193,317,0),(128,193,317,0),(129,194,323,1),(130,194,322,0),(131,195,326,1),(132,195,325,0),(133,195,325,0),(134,196,330,1),(135,196,329,0),(136,196,329,0),(137,197,334,1),(138,197,333,0),(139,197,333,0),(140,202,342,1),(141,202,341,0),(142,202,341,0),(143,203,346,1),(144,203,345,0),(145,203,345,0),(146,203,345,0),(147,203,345,0),(148,203,345,0),(149,203,345,0),(150,203,345,0),(151,203,345,0),(152,204,356,1),(153,204,355,0),(154,205,359,1),(155,205,358,0),(156,205,358,0),(157,205,358,0),(158,205,358,0),(159,205,358,0),(160,205,358,0),(161,205,358,0),(162,206,368,1),(163,206,367,0),(164,206,367,0),(165,206,367,0),(166,207,373,1),(167,207,372,0),(168,208,376,1),(169,208,375,0),(170,208,375,0),(171,208,375,0),(172,208,375,0),(173,208,375,0),(174,208,375,0),(175,209,384,1),(176,209,383,0),(177,210,387,1),(178,210,386,0),(179,211,390,1),(180,211,389,0),(181,211,389,0),(182,211,389,0),(183,213,396,1),(184,213,395,0),(185,213,395,0),(186,214,400,1),(187,214,399,0),(188,215,403,1),(189,215,402,0),(190,215,402,0),(191,215,402,0),(192,217,409,1),(193,217,408,0),(194,218,412,1),(195,218,411,0),(196,219,415,1),(197,219,414,0),(198,221,419,1),(199,221,418,0),(200,222,422,1),(201,222,421,0),(202,224,426,1),(203,224,425,0),(204,227,431,1),(205,227,430,0),(206,228,434,1),(207,228,433,0),(208,230,438,1),(209,230,437,0),(210,235,445,1),(211,235,444,0),(212,235,444,0),(213,236,449,1),(214,236,448,0),(215,237,452,1),(216,237,451,0),(217,237,451,0),(218,239,457,1),(219,239,456,0),(220,242,462,1),(221,242,461,0),(222,244,466,1),(223,244,465,0),(224,247,471,1),(225,247,470,0),(226,248,474,1),(227,248,473,0),(228,248,473,0),(229,248,473,0),(230,248,473,0),(231,248,473,0),(232,248,473,0),(233,248,473,0),(234,248,473,0),(235,248,473,0),(236,248,473,0),(237,248,473,0),(238,248,473,0),(239,249,488,1),(240,249,487,0),(241,251,492,1),(242,251,491,0),(243,251,491,0),(244,252,496,1),(245,252,495,0),(246,253,499,1),(247,253,498,0),(248,254,502,1),(249,254,501,0),(250,255,505,1),(251,255,504,0),(252,256,508,1),(253,256,507,0),(254,256,507,0),(255,257,512,1),(256,257,511,0),(257,257,511,0),(258,258,516,1),(259,258,515,0),(260,258,515,0),(261,259,520,1),(262,259,519,0),(263,260,523,1),(264,260,522,0),(265,271,536,1),(266,271,535,0),(267,271,535,0),(268,271,535,0),(269,271,535,0),(270,271,535,0),(271,271,535,0),(272,271,535,0),(273,271,535,0),(274,271,535,0),(275,271,535,0),(276,271,535,0),(277,271,535,0),(278,271,535,0),(279,271,535,0),(280,271,535,0),(281,273,554,1),(282,273,553,0),(283,273,553,0),(284,274,558,1),(285,274,557,0),(286,275,561,1),(287,275,560,0),(288,276,564,1),(289,276,563,0),(290,277,567,1),(291,277,566,0),(292,277,566,0),(293,283,576,1),(294,283,575,0),(295,284,579,1),(296,284,578,0),(297,285,582,1),(298,285,581,0),(299,291,590,1),(300,291,589,0),(301,293,594,1),(302,293,593,0),(303,294,597,1),(304,294,596,0),(305,295,600,1),(306,295,599,0),(307,295,599,0),(308,295,599,0),(309,295,599,0),(310,299,609,1),(311,299,608,0),(312,299,608,0),(313,301,614,1),(314,301,613,0),(315,301,613,0),(316,301,613,0),(317,301,613,0),(318,304,622,1),(319,304,621,0),(320,309,629,1),(321,309,628,0),(322,312,634,1),(323,312,633,0),(324,319,643,1),(325,319,642,0),(326,336,662,1),(327,336,661,0),(328,338,666,1),(329,338,665,0),(330,339,669,1),(331,339,668,0),(332,345,677,1),(333,345,676,0),(334,352,686,1),(335,352,685,0),(336,359,695,1),(337,359,694,0),(338,359,694,0),(339,359,694,0),(340,359,694,0),(341,359,694,0),(342,359,694,0),(343,359,694,0),(344,359,694,0),(345,359,694,0),(346,360,706,1),(347,360,705,0),(348,361,709,1),(349,361,708,0),(350,362,712,1),(351,362,711,0),(352,362,711,0),(353,363,716,1),(354,363,715,0),(355,363,715,0),(356,363,715,0),(357,364,721,1),(358,364,720,0),(359,365,724,1),(360,365,723,0),(361,366,727,1),(362,366,726,0),(363,366,726,0),(364,367,731,1),(365,367,730,0),(366,368,734,1),(367,368,733,0),(368,368,733,0),(369,368,733,0),(370,369,739,1),(371,369,738,0),(372,370,742,1),(373,370,741,0),(374,371,745,1),(375,371,744,0),(376,372,748,1),(377,372,747,0),(378,372,747,0),(379,372,747,0),(380,372,747,0),(381,373,754,1),(382,373,753,0),(383,373,753,0),(384,375,759,1),(385,375,758,0),(386,376,762,1),(387,376,761,0),(388,377,765,1),(389,377,764,0),(390,378,768,1),(391,378,767,0),(392,380,772,1),(393,380,771,0),(394,382,776,1),(395,382,775,0),(396,391,787,1),(397,391,786,0),(398,394,792,1),(399,394,791,0),(400,396,796,1),(401,396,795,0),(402,401,803,1),(403,401,802,0),(404,403,807,1),(405,403,806,0),(406,404,810,1),(407,404,809,0),(408,404,809,0),(409,405,814,1),(410,405,813,0),(411,405,813,0),(412,406,818,1),(413,406,817,0),(414,406,817,0),(415,406,817,0),(416,407,823,1),(417,407,822,0),(418,407,822,0),(419,407,822,0),(420,408,828,1),(421,408,827,0),(422,408,827,0),(423,408,827,0),(424,409,833,1),(425,409,832,0),(426,410,836,1),(427,410,835,0),(428,415,843,1),(429,415,842,0),(430,419,849,1),(431,419,848,0),(432,425,857,1),(433,425,856,0),(434,426,860,1),(435,426,859,0),(436,427,863,1),(437,427,862,0),(438,433,871,1),(439,433,870,0),(440,434,874,1),(441,434,873,0),(442,435,877,1),(443,435,876,0),(444,436,880,1),(445,436,879,0),(446,437,883,1),(447,437,882,0),(448,438,886,1),(449,438,885,0),(450,439,889,1),(451,439,888,0),(452,440,892,1),(453,440,891,0),(454,440,891,0),(455,441,896,1),(456,441,895,0),(457,442,899,1),(458,442,898,0),(459,442,898,0),(460,448,908,1),(461,448,907,0),(462,448,907,0),(463,448,907,0),(464,448,907,0),(465,449,914,1),(466,449,913,0),(467,449,913,0),(468,449,913,0),(469,449,913,0),(470,450,920,1),(471,450,919,0),(472,450,919,0),(473,450,919,0),(474,450,919,0),(475,451,926,1),(476,451,925,0),(477,451,925,0),(478,451,925,0),(479,451,925,0),(480,452,932,1),(481,452,931,0),(482,452,931,0),(483,452,931,0),(484,452,931,0),(485,453,938,1),(486,453,937,0),(487,458,945,1),(488,458,944,0),(489,459,948,1),(490,459,947,0),(491,460,951,1),(492,460,950,0),(493,461,954,1),(494,461,953,0),(495,462,957,1),(496,462,956,0),(497,463,960,1),(498,463,959,0),(499,464,963,1),(500,464,962,0),(501,465,966,1),(502,465,965,0),(503,466,969,1),(504,466,968,0),(505,467,972,1),(506,467,971,0),(507,468,975,1),(508,468,974,0),(509,469,978,1),(510,469,977,0),(511,470,981,1),(512,470,980,0),(513,471,984,1),(514,471,983,0),(515,472,987,1),(516,472,986,0),(517,475,992,1),(518,475,991,0),(519,475,991,0),(520,475,991,0),(521,476,997,1),(522,476,996,0),(523,476,996,0),(524,476,996,0),(525,476,996,0),(526,476,996,0),(527,476,996,0),(528,476,996,0),(529,476,996,0),(530,477,1007,1),(531,477,1006,0),(532,478,1010,1),(533,478,1009,0),(534,481,1015,1),(535,481,1014,0),(536,494,1030,1),(537,494,1029,0),(538,494,1029,0),(539,494,1029,0),(540,494,1029,0),(541,494,1029,0),(542,494,1029,0);
/*!40000 ALTER TABLE `default_values` ENABLE KEYS */;
UNLOCK TABLES;

--
-- Table structure for table `input_field`
--

DROP TABLE IF EXISTS `input_field`;
/*!40101 SET @saved_cs_client     = @@character_set_client */;
/*!40101 SET character_set_client = utf8 */;
CREATE TABLE `input_field` (
  `id` int(11) NOT NULL AUTO_INCREMENT,
  `name` varchar(100) NOT NULL,
  `component` varchar(50) NOT NULL,
  `display` tinyint(2) NOT NULL,
  `hard_coded` tinyint(1) DEFAULT 0,
  `inherit_component` varchar(50) DEFAULT NULL,
  `inherit_field` varchar(100) DEFAULT NULL,
  `heading` varchar(100) DEFAULT NULL,
  `subheading` varchar(100) DEFAULT NULL,
  `tertiary_heading` varchar(100) DEFAULT NULL,
  PRIMARY KEY (`id`)
) ENGINE=InnoDB AUTO_INCREMENT=500 DEFAULT CHARSET=latin1;
/*!40101 SET character_set_client = @saved_cs_client */;

--
-- Dumping data for table `input_field`
--

LOCK TABLES `input_field` WRITE;
/*!40000 ALTER TABLE `input_field` DISABLE KEYS */;
INSERT INTO `input_field` VALUES (1,'run_days','',0,0,'','','','',''),(2,'run_hours','',0,0,'','','','',''),(3,'run_minutes','',0,0,'','','','',''),(4,'run_seconds','',0,0,'','','','',''),(5,'start_year','',0,0,'','','','',''),(6,'start_month','',0,0,'','','','',''),(7,'start_day','',0,0,'','','','',''),(8,'start_hour','',0,0,'','','','',''),(9,'start_minute','',0,0,'','','','',''),(10,'start_second','',0,0,'','','','',''),(11,'end_year','',0,0,'','','','',''),(12,'end_month','',0,0,'','','','',''),(13,'end_day','',0,0,'','','','',''),(14,'end_hour','',0,0,'','','','',''),(15,'end_minute','',0,0,'','','','',''),(16,'end_second','',0,0,'','','','',''),(17,'max_dom','',0,0,'','','','',''),(18,'s_we','',0,0,'','','','',''),(19,'e_we','',0,0,'','','','',''),(20,'s_sn','',0,0,'','','','',''),(21,'e_sn','',0,0,'','','','',''),(22,'s_vert','',0,0,'','','','',''),(23,'e_vert','',0,0,'','','','',''),(24,'dx','',0,0,'','','','',''),(25,'dy','',0,0,'','','','',''),(26,'grid_id','',0,0,'','','','',''),(27,'parent_id','',0,0,'','','','',''),(28,'i_parent_start','',0,0,'','','','',''),(29,'j_parent_start','',0,0,'','','','',''),(30,'parent_grid_ratio','',0,0,'','','','',''),(31,'map_proj','',0,0,'','','','',''),(32,'ref_lat','',0,0,'','','','',''),(33,'ref_lon','',0,0,'','','','',''),(34,'truelat1','',0,0,'','','','',''),(35,'truelat2','',0,0,'','','','',''),(36,'stand_lon','',0,0,'','','','',''),(37,'eta_levels','',0,0,'','','','',''),(38,'geog_data_path','',0,1,'','','','',''),(39,'interval_seconds','',0,0,'','','','',''),(40,'gfdda_interval_s','',0,0,'','','','',''),(41,'num_metgrid_levels','',0,0,'','','','',''),(42,'num_metgrid_soil_levels','',0,0,'','','','',''),(43,'num_wif_levels','',0,0,'','','','',''),(44,'wif_input_opt','',0,0,'','','','',''),(45,'geog_data_res','',0,0,'','','','',''),(46,'input_from_file','',1,0,'','','time_control','general',''),(47,'auxinput4_interval','',1,0,'','','time_control','general',''),(48,'diag_print','',1,0,'','','time_control','general',''),(49,'debug_level','',1,0,'','','time_control','general',''),(50,'nwp_diagnostics','',1,0,'','','time_control','general',''),(51,'ignore_iofields_warning','',1,0,'','','time_control','general',''),(52,'run_days','',0,1,'WPS','run_days','time_control','general',''),(53,'run_hours','',0,1,'WPS','run_hours','time_control','general',''),(54,'run_minutes','',0,1,'WPS','run_minutes','time_control','general',''),(55,'run_seconds','',0,1,'WPS','run_seconds','time_control','general',''),(56,'start_year','',0,1,'WPS','run_year','time_control','general',''),(57,'start_month','',0,1,'WPS','start_month','time_control','general',''),(58,'start_day','',0,1,'WPS','start_day','time_control','general',''),(59,'start_hour','',0,1,'WPS','start_hour','time_control','general',''),(60,'start_minute','',0,1,'WPS','start_minute','time_control','general',''),(61,'start_second','',0,1,'WPS','start_second','time_control','general',''),(62,'end_year','',0,1,'WPS','end_year','time_control','general',''),(63,'end_month','',0,1,'WPS','end_month','time_control','general',''),(64,'end_day','',0,1,'WPS','end_day','time_control','general',''),(65,'end_hour','',0,1,'WPS','end_hour','time_control','general',''),(66,'end_minute','',0,1,'WPS','end_minute','time_control','general',''),(67,'end_second','',0,1,'WPS','end_second','time_control','general',''),(68,'frames_per_outfile','',0,0,'','','time_control','history files','time intervals'),(69,'history_interval_d','',0,0,'','','time_control','history files','time intervals'),(70,'history_interval_h','',0,0,'','','time_control','history files','time intervals'),(71,'history_interval_m','',0,0,'','','time_control','history files','time intervals'),(72,'history_interval_s','',0,0,'','','time_control','history files','time intervals'),(73,'history_begin_y','',0,0,'','','time_control','history files','start stop times'),(74,'history_begin_d','',0,0,'','','time_control','history files','start stop times'),(75,'history_begin_h','',0,0,'','','time_control','history files','start stop times'),(76,'history_begin_m','',0,0,'','','time_control','history files','start stop times'),(77,'history_begin_s','',0,0,'','','time_control','history files','start stop times'),(78,'history_begin','',0,0,'','','time_control','history files','start stop times'),(79,'history_end_y','',0,0,'','','time_control','history files','start stop times'),(80,'history_end_d','',0,0,'','','time_control','history files','start stop times'),(81,'history_end_h','',0,0,'','','time_control','history files','start stop times'),(82,'history_end_m','',0,0,'','','time_control','history files','start stop times'),(83,'history_end_s','',0,0,'','','time_control','history files','start stop times'),(84,'history_end','',0,0,'','','time_control','history files','start stop times'),(85,'inputout_interval_d','',0,1,'NWP','cycling_frequency_d','time_control','history files','start stop times'),(86,'inputout_interval_h','',0,1,'NWP','cycling_frequency_h','time_control','history files','start stop times'),(87,'inputout_interval_m','',0,1,'NWP','cycling_frequency_m','time_control','history files','start stop times'),(88,'inputout_interval_s','',0,1,'NWP','cycling_frequency_s','time_control','history files','start stop times'),(89,'input_outname','',0,1,'','','time_control','history files','start stop times'),(90,'auxinput4_inname','',0,1,'','','time_control','history files','start stop times'),(91,'auxinput1_inname','',0,1,'','','time_control','history files','start stop times'),(92,'write_input','',0,1,'','','time_control','history files','start stop times'),(93,'adjust_output_times','',0,1,'','','time_control','history files','start stop times'),(94,'cycling','',0,1,'','','time_control','history files','start stop times'),(95,'output_ready_flag','',0,1,'','','time_control','history files','start stop times'),(96,'hypsometric_opt','',1,0,'','','domains','General',''),(97,'feedback','',1,0,'','','domains','General',''),(98,'smooth_option','',1,0,'','','domains','General',''),(99,'max_dom','',0,1,'WPS','max_dom','domains','General',''),(100,'s_we','',0,1,'WPS','s_we','domains','General',''),(101,'e_we','',0,1,'WPS','e_we','domains','General',''),(102,'s_sn','',0,1,'WPS','s_sn','domains','General',''),(103,'e_sn','',0,1,'WPS','e_sn','domains','General',''),(104,'s_vert','',0,1,'WPS','s_vert','domains','General',''),(105,'e_vert','',0,1,'WPS','e_vert','domains','General',''),(106,'dx','',0,1,'WPS','dx','domains','General',''),(107,'dy','',0,1,'WPS','dy','domains','General',''),(108,'grid_id','',0,1,'WPS','grid_id','domains','General',''),(109,'parent_id','',0,1,'WPS','parent_id','domains','General',''),(110,'i_parent_start','',0,1,'WPS','i_parent_start','domains','General',''),(111,'j_parent_start','',0,1,'WPS','j_parent_start','domains','General',''),(112,'parent_grid_ratio','',0,1,'WPS','parent_grid_ratio','domains','General',''),(113,'eta_levels','',0,1,'WPS','eta_levels','domains','General',''),(114,'p_top_requested','',1,0,'','','domains','General',''),(115,'ztop','',1,0,'','','domains','General',''),(116,'time_step','',1,0,'','','domains','Basic time step',''),(117,'time_step_fract_num','',1,0,'','','domains','Basic time step',''),(118,'time_step_fract_den','',1,0,'','','domains','Basic time step',''),(119,'time_step_dfi','',1,0,'','','domains','Basic time step',''),(120,'parent_time_step_ratio','',1,0,'','','domains','Basic time step',''),(121,'use_adaptive_time_step','',1,0,'','','domains','Adaptive time step',''),(122,'min_time_step','',1,0,'','','domains','Adaptive time step',''),(123,'min_time_step_den','',1,0,'','','domains','Adaptive time step',''),(124,'max_time_step','',1,0,'','','domains','Adaptive time step',''),(125,'max_time_step_den','',1,0,'','','domains','Adaptive time step',''),(126,'target_cfl','',1,0,'','','domains','Adaptive time step',''),(127,'target_hcfl','',1,0,'','','domains','Adaptive time step',''),(128,'max_step_increase_pct','',1,0,'','','domains','Adaptive time step',''),(129,'starting_time_step','',1,0,'','','domains','Adaptive time step',''),(130,'starting_time_step_den','',1,0,'','','domains','Adaptive time step',''),(131,'step_to_output_time','',1,0,'','','domains','Adaptive time step',''),(132,'adaptation_domain','',1,0,'','','domains','Adaptive time step',''),(133,'use_adaptive_time_step_dfi','',1,0,'','','domains','Adaptive time step',''),(134,'interp_method_type','',1,0,'','','domains','Horizontal and vertical interpolation',''),(135,'force_sfc_in_vinterp','',1,0,'','','domains','Horizontal and vertical interpolation',''),(136,'maxw_horiz_pres_diff','',2,0,'','','domains','Horizontal and vertical interpolation',''),(137,'trop_horiz_pres_diff','',2,0,'','','domains','Horizontal and vertical interpolation',''),(138,'maxw_above_this_level','',2,0,'','','domains','Horizontal and vertical interpolation',''),(139,'use_maxw_level','',2,0,'','','domains','Horizontal and vertical interpolation',''),(140,'use_trop_level','',2,0,'','','domains','Horizontal and vertical interpolation',''),(141,'interp_theta','',2,0,'','','domains','Horizontal and vertical interpolation',''),(142,'interp_type','',2,0,'','','domains','Horizontal and vertical interpolation',''),(143,'extrap_type','',2,0,'','','domains','Horizontal and vertical interpolation',''),(144,'t_extrap_type','',2,0,'','','domains','Horizontal and vertical interpolation',''),(145,'use_levels_below_ground','',2,0,'','','domains','Horizontal and vertical interpolation',''),(146,'use_surface','',2,0,'','','domains','Horizontal and vertical interpolation',''),(147,'lagrange_order','',2,0,'','','domains','Horizontal and vertical interpolation',''),(148,'lowest_lev_from_sfc','',1,0,'','','domains','Horizontal and vertical interpolation',''),(149,'sfcp_to_sfcp','',1,0,'','','domains','Horizontal and vertical interpolation',''),(150,'rh2qv_wrt_liquid','',2,0,'','','domains','Horizontal and vertical interpolation',''),(151,'rh2qv_method','',2,0,'','','domains','Horizontal and vertical interpolation',''),(152,'smooth_cg_topo','',1,0,'','','domains','Horizontal and vertical interpolation',''),(153,'ocean_levels','',1,0,'','','domains','3D ocean model',''),(154,'ocean_z','',1,0,'','','domains','3D ocean model',''),(155,'ocean_t','',1,0,'','','domains','3D ocean model',''),(156,'ocean_s','',1,0,'','','domains','3D ocean model',''),(157,'cam_abs_dim2','',0,1,'WRF','e_vert','domains','3D ocean model',''),(158,'physics_suite','',1,0,'','','physics','general',''),(159,'mp_physics','',1,0,'','','physics','Microphysics',''),(160,'gsfcgce_hail','',2,0,'','','physics','Microphysics',''),(161,'gsfcgce_2ice','',2,0,'','','physics','Microphysics',''),(162,'do_radar_ref','',2,0,'','','physics','Microphysics',''),(163,'mp_zero_out','',2,0,'','','physics','Microphysics',''),(164,'mp_zero_out_thresh','',2,0,'','','physics','Microphysics',''),(165,'mp_tend_lim','',2,0,'','','physics','Microphysics',''),(166,'ccn_conc','',2,0,'','','physics','Microphysics',''),(167,'hail_opt','',2,0,'','','physics','Microphysics',''),(168,'nssl_cccn','',2,0,'','','physics','Microphysics',''),(169,'nssl_alphah','',2,0,'','','physics','Microphysics',''),(170,'nssl_alphahl','',2,0,'','','physics','Microphysics',''),(171,'nssl_cnoh','',2,0,'','','physics','Microphysics',''),(172,'nssl_cnohl','',2,0,'','','physics','Microphysics',''),(173,'nssl_cnor','',2,0,'','','physics','Microphysics',''),(174,'nssl_cnos','',2,0,'','','physics','Microphysics',''),(175,'nssl_rho_qh','',2,0,'','','physics','Microphysics',''),(176,'nssl_rho_qhl','',2,0,'','','physics','Microphysics',''),(177,'nssl_rho_qs','',2,0,'','','physics','Microphysics',''),(178,'no_mp_heating','',2,0,'','','physics','Microphysics',''),(179,'use_mp_re','',2,0,'','','physics','Microphysics',''),(180,'use_aero_icbc','',2,0,'','','physics','Microphysics',''),(181,'use_rap_aero_icbc','',2,0,'','','physics','Microphysics',''),(182,'ra_lw_physics','',1,0,'','','physics','Radiation',''),(183,'ra_sw_physics','',1,0,'','','physics','Radiation',''),(184,'radt','',1,0,'','','physics','Radiation',''),(185,'swint_opt','',2,0,'','','physics','Radiation',''),(186,'ra_call_offset','',2,0,'','','physics','Radiation',''),(187,'co2tf','',2,0,'','','physics','Radiation',''),(188,'cam_abs_freq_s','',2,0,'','','physics','Radiation',''),(189,'levsiz','',2,0,'','','physics','Radiation',''),(190,'paerlev','',2,0,'','','physics','Radiation',''),(191,'cam_abs_dim1','',2,0,'','','physics','Radiation',''),(192,'o3input','',2,0,'','','physics','Radiation',''),(193,'aer_opt','',2,0,'','','physics','Radiation',''),(194,'aer_aod550_opt','',1,0,'','','physics','Radiation','Options to allow RRTMG and Goddard schemes to see constant aerosols'),(195,'aer_angexp_opt','',1,0,'','','physics','Radiation','Options to allow RRTMG and Goddard schemes to see constant aerosols'),(196,'aer_ssa_opt','',1,0,'','','physics','Radiation','Options to allow RRTMG and Goddard schemes to see constant aerosols'),(197,'aer_asy_opt','',1,0,'','','physics','Radiation','Options to allow RRTMG and Goddard schemes to see constant aerosols'),(198,'aer_aod550_val','',1,0,'','','physics','Radiation','Options to allow RRTMG and Goddard schemes to see constant aerosols'),(199,'aer_angexp_val','',1,0,'','','physics','Radiation','Options to allow RRTMG and Goddard schemes to see constant aerosols'),(200,'aer_ssa_val','',1,0,'','','physics','Radiation','Options to allow RRTMG and Goddard schemes to see constant aerosols'),(201,'aer_asy_val','',1,0,'','','physics','Radiation','Options to allow RRTMG and Goddard schemes to see constant aerosols'),(202,'aer_type','',1,0,'','','physics','Radiation','Options to allow RRTMG and Goddard schemes to see constant aerosols'),(203,'sf_sfclay_physics','',1,0,'','','physics','Land/Ocean surface models and fluxes',''),(204,'iz0tlnd','',2,0,'','','physics','Land/Ocean surface models and fluxes',''),(205,'sf_surface_physics','',1,0,'','','physics','Land/Ocean surface models and fluxes',''),(206,'sf_urban_physics','',1,0,'','','physics','Land/Ocean surface models and fluxes',''),(207,'ua_phys','',2,0,'','','physics','Land/Ocean surface models and fluxes',''),(208,'num_soil_layers','',1,0,'','','physics','Land/Ocean surface models and fluxes',''),(209,'isfflx','',2,0,'','','physics','Land/Ocean surface models and fluxes',''),(210,'ifsnow','',2,0,'','','physics','Land/Ocean surface models and fluxes',''),(211,'icloud','',2,0,'','','physics','Land/Ocean surface models and fluxes',''),(212,'swrad_scat','',2,0,'','','physics','Land/Ocean surface models and fluxes',''),(213,'surface_input_source','',2,0,'','','physics','Land/Ocean surface models and fluxes',''),(214,'pxlsm_smois_init','',2,0,'','','physics','Land/Ocean surface models and fluxes',''),(215,'num_land_cat','',2,0,'','','physics','Land/Ocean surface models and fluxes',''),(216,'num_soil_cat','',2,0,'','','physics','Land/Ocean surface models and fluxes',''),(217,'usemonalb','',2,0,'','','physics','Land/Ocean surface models and fluxes',''),(218,'rdmaxalb','',2,0,'','','physics','Land/Ocean surface models and fluxes',''),(219,'rdlai2d','',2,0,'','','physics','Land/Ocean surface models and fluxes',''),(220,'seaice_threshold','',2,0,'','','physics','Land/Ocean surface models and fluxes',''),(221,'sst_update','',2,0,'','','physics','Land/Ocean surface models and fluxes',''),(222,'tmn_update','',2,0,'','','physics','Land/Ocean surface models and fluxes',''),(223,'lagday','',2,0,'','','physics','Land/Ocean surface models and fluxes',''),(224,'sst_skin','',1,0,'','','physics','Land/Ocean surface models and fluxes',''),(225,'bucket_mm','',2,0,'','','physics','Land/Ocean surface models and fluxes',''),(226,'bucket_j','',2,0,'','','physics','Land/Ocean surface models and fluxes',''),(227,'slope_rad','',2,0,'','','physics','Land/Ocean surface models and fluxes',''),(228,'topo_shading','',2,0,'','','physics','Land/Ocean surface models and fluxes',''),(229,'shadlen','',2,0,'','','physics','Land/Ocean surface models and fluxes',''),(230,'sf_ocean_physics','',2,0,'','','physics','Land/Ocean surface models and fluxes',''),(231,'omdt','',2,0,'','','physics','Land/Ocean surface models and fluxes',''),(232,'oml_hml0','',2,0,'','','physics','Land/Ocean surface models and fluxes',''),(233,'oml_gamma','',2,0,'','','physics','Land/Ocean surface models and fluxes',''),(234,'oml_relaxation_time','',2,0,'','','physics','Land/Ocean surface models and fluxes',''),(235,'isftcflx','',2,0,'','','physics','Land/Ocean surface models and fluxes',''),(236,'fractional_seaice','',1,0,'','','physics','Land/Ocean surface models and fluxes','Sea ice'),(237,'seaice_albedo_opt','',1,0,'','','physics','Land/Ocean surface models and fluxes','Sea ice'),(238,'seaice_albedo_default','',1,0,'','','physics','Land/Ocean surface models and fluxes','Sea ice'),(239,'seaice_snowdepth_opt','',1,0,'','','physics','Land/Ocean surface models and fluxes','Sea ice'),(240,'seaice_snowdepth_max','',1,0,'','','physics','Land/Ocean surface models and fluxes','Sea ice'),(241,'seaice_snowdepth_min','',1,0,'','','physics','Land/Ocean surface models and fluxes','Sea ice'),(242,'seaice_thickness_opt','',1,0,'','','physics','Land/Ocean surface models and fluxes','Sea ice'),(243,'seaice_thickness_default','',1,0,'','','physics','Land/Ocean surface models and fluxes','Sea ice'),(244,'sf_lake_physics','',1,0,'','','physics','Land/Ocean surface models and fluxes','Lake Physics'),(245,'lakedepth_default','',1,0,'','','physics','Land/Ocean surface models and fluxes','Lake Physics'),(246,'lake_min_elev','',1,0,'','','physics','Land/Ocean surface models and fluxes','Lake Physics'),(247,'use_lakedepth','',1,0,'','','physics','Land/Ocean surface models and fluxes','Lake Physics'),(248,'bl_pbl_physics','',1,0,'','','physics','Boundary Layer',''),(249,'mfshconv','',2,0,'','','physics','Boundary Layer',''),(250,'bldt','',1,0,'','','physics','Boundary Layer',''),(251,'|topo_wind','',2,0,'','','physics','Boundary Layer',''),(252,'bl_mynn_tkebudget','',2,0,'','','physics','Boundary Layer',''),(253,'bl_mynn_tkeadvect','',2,0,'','','physics','Boundary Layer',''),(254,'icloud_bl','',2,0,'','','physics','Boundary Layer',''),(255,'bl_mynn_cloudmix','',2,0,'','','physics','Boundary Layer',''),(256,'bl_mynn_mixlength','',2,0,'','','physics','Boundary Layer',''),(257,'bl_mynn_cloudpdf','',2,0,'','','physics','Boundary Layer',''),(258,'bl_mynn_edmf','',2,0,'','','physics','Boundary Layer',''),(259,'bl_mynn_edmf_mom','',2,0,'','','physics','Boundary Layer',''),(260,'bl_mynn_edmf_tke','',2,0,'','','physics','Boundary Layer',''),(261,'scalar_pblmix','',2,0,'','','physics','Boundary Layer',''),(262,'tracer_pblmix','',2,0,'','','physics','Boundary Layer',''),(263,'shinhong_tke_diag','',2,0,'','','physics','Boundary Layer',''),(264,'opt_thcnd','',2,0,'','','physics','Boundary Layer',''),(265,'sf_surface_mosaic','',2,0,'','','physics','Boundary Layer',''),(266,'mosaic_cat','',2,0,'','','physics','Boundary Layer',''),(267,'mosaic_lu','',2,0,'','','physics','Boundary Layer',''),(268,'mosaic_soil','',2,0,'','','physics','Boundary Layer',''),(269,'grav_settling','',2,0,'','','physics','Boundary Layer',''),(270,'ysu_topdown_pblmix','',2,0,'','','physics','Boundary Layer',''),(271,'cu_physics','',1,0,'','','physics','Cumulus',''),(272,'cudt','',1,0,'','','physics','Cumulus',''),(273,'kfeta_trigger','',2,0,'','','physics','Cumulus',''),(274,'ishallow','',2,0,'','','physics','Cumulus',''),(275,'ishallow','',2,0,'','','physics','Cumulus',''),(276,'cu_diag','',2,0,'','','physics','Cumulus',''),(277,'shcu_physics','',2,0,'','','physics','Cumulus',''),(278,'maxiens','',2,0,'','','physics','Cumulus',''),(279,'maxens','',2,0,'','','physics','Cumulus',''),(280,'maxens2','',2,0,'','','physics','Cumulus',''),(281,'maxens3','',2,0,'','','physics','Cumulus',''),(282,'ensdim','',2,0,'','','physics','Cumulus',''),(283,'cugd_avedx','',2,0,'','','physics','Cumulus',''),(284,'nsas_dx_factor','',2,0,'','','physics','Cumulus',''),(285,'shallowcu_forced_ra','',2,0,'','','physics','Cumulus',''),(286,'numbins','',2,0,'','','physics','Cumulus',''),(287,'thbinsize','',2,0,'','','physics','Cumulus',''),(288,'rbinsize','',2,0,'','','physics','Cumulus',''),(289,'mindeepfreq','',2,0,'','','physics','Cumulus',''),(290,'minshallowfreq','',2,0,'','','physics','Cumulus',''),(291,'kf_edrates','',2,0,'','','physics','Cumulus',''),(292,'convtrans_avglen_m','',2,0,'','','physics','Cumulus',''),(293,'cu_rad_feedback','',2,0,'','','physics','Cumulus',''),(294,'hailcast_opt','',2,0,'','','physics','Cumulus',''),(295,'lightning_option','',1,0,'','','physics','Lightning (requires do_radar_ref=1)',''),(296,'lightning_dt','',1,0,'','','physics','Lightning (requires do_radar_ref=1)',''),(297,'lightning_start_seconds','',1,0,'','','physics','Lightning (requires do_radar_ref=1)',''),(298,'flashrate_factor','',1,0,'','','physics','Lightning (requires do_radar_ref=1)',''),(299,'cellcount_method','',1,0,'','','physics','Lightning (requires do_radar_ref=1)',''),(300,'cldtop_adjustment','',1,0,'','','physics','Lightning (requires do_radar_ref=1)',''),(301,'iccg_method','',1,0,'','','physics','Lightning (requires do_radar_ref=1)',''),(302,'iccg_prescribed_num','',1,0,'','','physics','Lightning (requires do_radar_ref=1)',''),(303,'iccg_prescribed_den','',1,0,'','','physics','Lightning (requires do_radar_ref=1)',''),(304,'rand_perturb','',1,0,'','','stoch','General',''),(305,'lengthscale_rand_pert','',1,0,'','','stoch','General',''),(306,'timescale_rand_pert','',1,0,'','','stoch','General',''),(307,'gridpt_stddev_rand_pert','',1,0,'','','stoch','General',''),(308,'stddev_cutoff_rand_pert','',1,0,'','','stoch','General',''),(309,'rand_pert_vertstruc','',1,0,'','','stoch','General',''),(310,'nens','',0,1,'NWP','ensemble_number','stoch','General',''),(311,'iseed_rand_pert','',1,0,'','','stoch','General',''),(312,'sppt','',1,0,'','','stoch',' Stochastically perturbed physical tendencies (SPPT)',''),(313,'lengthscale_sppt','',1,0,'','','stoch',' Stochastically perturbed physical tendencies (SPPT)',''),(314,'timescale_sppt','',1,0,'','','stoch',' Stochastically perturbed physical tendencies (SPPT)',''),(315,'gridpt_stddev_sppt','',1,0,'','','stoch',' Stochastically perturbed physical tendencies (SPPT)',''),(316,'stddev_cutoff_sppt','',1,0,'','','stoch',' Stochastically perturbed physical tendencies (SPPT)',''),(317,'sppt_vertstruc','',1,0,'','','stoch',' Stochastically perturbed physical tendencies (SPPT)',''),(318,'iseed_sppt','',1,0,'','','stoch',' Stochastically perturbed physical tendencies (SPPT)',''),(319,'skebs','',1,0,'','','stoch',' Kinetic-energy backscatter scheme (SKEBS)',''),(320,'tot_backscat_psi','',1,0,'','','stoch',' Kinetic-energy backscatter scheme (SKEBS)',''),(321,'tot_backscat_t','',1,0,'','','stoch',' Kinetic-energy backscatter scheme (SKEBS)',''),(322,'ztau_psi','',1,0,'','','stoch',' Kinetic-energy backscatter scheme (SKEBS)',''),(323,'ztau_t','',1,0,'','','stoch',' Kinetic-energy backscatter scheme (SKEBS)',''),(324,'rexponent_psi','',1,0,'','','stoch',' Kinetic-energy backscatter scheme (SKEBS)',''),(325,'rexponent_t','',1,0,'','','stoch',' Kinetic-energy backscatter scheme (SKEBS)',''),(326,'kminforc','',1,0,'','','stoch',' Kinetic-energy backscatter scheme (SKEBS)',''),(327,'lminforc','',1,0,'','','stoch',' Kinetic-energy backscatter scheme (SKEBS)',''),(328,'kminforct','',1,0,'','','stoch',' Kinetic-energy backscatter scheme (SKEBS)',''),(329,'lminforct','',1,0,'','','stoch',' Kinetic-energy backscatter scheme (SKEBS)',''),(330,'kmaxforc','',1,0,'','','stoch',' Kinetic-energy backscatter scheme (SKEBS)',''),(331,'lmaxforc','',1,0,'','','stoch',' Kinetic-energy backscatter scheme (SKEBS)',''),(332,'kmaxforct','',1,0,'','','stoch',' Kinetic-energy backscatter scheme (SKEBS)',''),(333,'lmaxforct','',1,0,'','','stoch',' Kinetic-energy backscatter scheme (SKEBS)',''),(334,'zsigma2_eps','',1,0,'','','stoch',' Kinetic-energy backscatter scheme (SKEBS)',''),(335,'zsigma2_eta','',1,0,'','','stoch',' Kinetic-energy backscatter scheme (SKEBS)',''),(336,'skebs_vertstruc','',1,0,'','','stoch',' Kinetic-energy backscatter scheme (SKEBS)',''),(337,'iseed_skebs','',1,0,'','','stoch',' Kinetic-energy backscatter scheme (SKEBS)',''),(338,'spp','',1,0,'','','stoch','Stochastically perturbed parameter scheme(SPP)',''),(339,'spp_conv','',1,0,'','','stoch','Stochastically perturbed parameter scheme(SPP)','SPP for convective scheme'),(340,'lengthscale_spp_conv','',1,0,'','','stoch','Stochastically perturbed parameter scheme(SPP)','SPP for convective scheme'),(341,'timescale_spp_conv','',1,0,'','','stoch','Stochastically perturbed parameter scheme(SPP)','SPP for convective scheme'),(342,'gridpt_stddev_spp_conv','',1,0,'','','stoch','Stochastically perturbed parameter scheme(SPP)','SPP for convective scheme'),(343,'stddev_cutoff_spp_conv','',1,0,'','','stoch','Stochastically perturbed parameter scheme(SPP)','SPP for convective scheme'),(344,'iseed_spp_conv','',1,0,'','','stoch','Stochastically perturbed parameter scheme(SPP)','SPP for convective scheme'),(345,'spp_pbl','',1,0,'','','stoch','Stochastically perturbed parameter scheme(SPP)','SPP for MYNN scheme'),(346,'gridpt_stddev_spp_pbl','',1,0,'','','stoch','Stochastically perturbed parameter scheme(SPP)','SPP for MYNN scheme'),(347,'stddev_cutoff_spp_pbl','',1,0,'','','stoch','Stochastically perturbed parameter scheme(SPP)','SPP for MYNN scheme'),(348,'lengthscale_spp_pbl','',1,0,'','','stoch','Stochastically perturbed parameter scheme(SPP)','SPP for MYNN scheme'),(349,'timescale_spp_pbl','',1,0,'','','stoch','Stochastically perturbed parameter scheme(SPP)','SPP for MYNN scheme'),(350,'vertstruc_spp_pbl','',1,0,'','','stoch','Stochastically perturbed parameter scheme(SPP)','SPP for MYNN scheme'),(351,'iseed_spp_pbl','',1,0,'','','stoch','Stochastically perturbed parameter scheme(SPP)','SPP for MYNN scheme'),(352,'spp_lsm','',1,0,'','','stoch','Stochastically perturbed parameter scheme(SPP)','SPP for RUC LSM'),(353,'gridpt_stddev_spp_lsm','',1,0,'','','stoch','Stochastically perturbed parameter scheme(SPP)','SPP for RUC LSM'),(354,'stddev_cutoff_spp_lsm','',1,0,'','','stoch','Stochastically perturbed parameter scheme(SPP)','SPP for RUC LSM'),(355,'lengthscale_spp_lsm','',1,0,'','','stoch','Stochastically perturbed parameter scheme(SPP)','SPP for RUC LSM'),(356,'timescale_spp_lsm','',1,0,'','','stoch','Stochastically perturbed parameter scheme(SPP)','SPP for RUC LSM'),(357,'vertstruc_spp_lsm','',1,0,'','','stoch','Stochastically perturbed parameter scheme(SPP)','SPP for RUC LSM'),(358,'iseed_spp_lsm','',1,0,'','','stoch','Stochastically perturbed parameter scheme(SPP)','SPP for RUC LSM'),(359,'dveg','',1,0,'','','noah_mp','',''),(360,'opt_crs','',1,0,'','','noah_mp','',''),(361,'opt_sfc','',1,0,'','','noah_mp','',''),(362,'opt_btr','',1,0,'','','noah_mp','',''),(363,'opt_run','',1,0,'','','noah_mp','',''),(364,'opt_frz','',1,0,'','','noah_mp','',''),(365,'opt_inf','',1,0,'','','noah_mp','',''),(366,'opt_rad','',1,0,'','','noah_mp','',''),(367,'opt_alb','',1,0,'','','noah_mp','',''),(368,'opt_snf','',1,0,'','','noah_mp','',''),(369,'opt_tbot','',1,0,'','','noah_mp','',''),(370,'opt_stc','',1,0,'','','noah_mp','',''),(371,'opt_gla','',1,0,'','','noah_mp','',''),(372,'opt_rsf','',1,0,'','','noah_mp','',''),(373,'grid_fdda','',1,0,'','','fdda','General',''),(374,'fgdt','',1,0,'','','fdda','General',''),(375,'if_no_pbl_nudging_uv','',1,0,'','','fdda','General',''),(376,'if_no_pbl_nudging_t','',1,0,'','','fdda','General',''),(377,'if_no_pbl_nudging_q','',1,0,'','','fdda','General',''),(378,'if_zfac_uv','',1,0,'','','fdda','General',''),(379,'k_zfac_uv','',1,0,'','','fdda','General',''),(380,'if_zfac_t','',1,0,'','','fdda','General',''),(381,'k_zfac_t','',1,0,'','','fdda','General',''),(382,'if_zfac_q','',1,0,'','','fdda','General',''),(383,'k_zfac_q','',1,0,'','','fdda','General',''),(384,'dk_zfac_uv','',1,0,'','','fdda','General',''),(385,'dk_zfac_t','',1,0,'','','fdda','General',''),(386,'guv','',1,0,'','','fdda','General',''),(387,'guv_sfc','',1,0,'','','fdda','General',''),(388,'gt','',1,0,'','','fdda','General',''),(389,'gq','',1,0,'','','fdda','General',''),(390,'dtramp_min','',1,0,'','','fdda','General',''),(391,'if_ramping','',1,0,'','','fdda','General',''),(392,'rinblw','',1,0,'','','fdda','General',''),(393,'gfdda_end_h','',0,0,'','','fdda','General',''),(394,'if_no_pbl_nudging_ph','',1,0,'','','fdda','For spectral nudging',''),(395,'dk_zfac_ph','',1,0,'','','fdda','For spectral nudging',''),(396,'if_zfac_ph','',1,0,'','','fdda','For spectral nudging',''),(397,'k_zfac_ph','',1,0,'','','fdda','For spectral nudging',''),(398,'gph','',1,0,'','','fdda','For spectral nudging',''),(399,'xwavenum','',1,0,'','','fdda','For spectral nudging',''),(400,'ywavenum','',1,0,'','','fdda','For spectral nudging',''),(401,'fgdtzero','',1,0,'','','fdda','For spectral nudging',''),(402,'gfdda_inname','',0,1,'','','fdda','For spectral nudging',''),(403,'rk_ord','',1,0,'','','dynamics','General',''),(404,'diff_opt','',1,0,'','','dynamics','General',''),(405,'diff_opt_dfi','',1,0,'','','dynamics','General',''),(406,'km_opt','',1,0,'','','dynamics','General',''),(407,'km_opt_dfi','',1,0,'','','dynamics','General',''),(408,'damp_opt','',1,0,'','','dynamics','General',''),(409,'use_theta_m','',1,0,'','','dynamics','General',''),(410,'use_q_diabatic','',1,0,'','','dynamics','General',''),(411,'c_s','',2,0,'','','dynamics','General',''),(412,'c_k','',2,0,'','','dynamics','General',''),(413,'zdamp','',1,0,'','','dynamics','General',''),(414,'dampcoef','',1,0,'','','dynamics','General',''),(415,'w_damping','',1,0,'','','dynamics','General',''),(416,'iso_temp','',2,0,'','','dynamics','General',''),(417,'base_pres_strat','',2,0,'','','dynamics','General',''),(418,'base_lapse_strat','',2,0,'','','dynamics','General',''),(419,'use_input_w','',2,0,'','','dynamics','General',''),(420,'khdif','',2,0,'','','dynamics','General',''),(421,'kvdif','',2,0,'','','dynamics','General',''),(422,'smdiv','',2,0,'','','dynamics','General',''),(423,'emdiv','',2,0,'','','dynamics','General',''),(424,'epssm','',2,0,'','','dynamics','General',''),(425,'non_hydrostatic','',1,0,'','','dynamics','General',''),(426,'mix_full_fields','',1,0,'','','dynamics','General',''),(427,'mix_isotropic','',1,0,'','','dynamics','General',''),(428,'mix_upper_bound','',2,0,'','','dynamics','General',''),(429,'time_step_sound','',2,0,'','','dynamics','General',''),(430,'tke_drag_coefficient','',2,0,'','','dynamics','General',''),(431,'tke_heat_flux','',2,0,'','','dynamics','General',''),(432,'fft_filter_lat','',2,0,'','','dynamics','General',''),(433,'coupled_filtering','',2,0,'','','dynamics','General',''),(434,'pos_def','',2,0,'','','dynamics','General',''),(435,'swap_pole_with_next_j','',2,0,'','','dynamics','General',''),(436,'actual_distance_average','',2,0,'','','dynamics','General',''),(437,'gwd_opt','',2,0,'','','dynamics','General',''),(438,'do_avgflx_em','',2,0,'','','dynamics','General',''),(439,'do_avgflx_cugd','',2,0,'','','dynamics','General',''),(440,'sfs_opt','',2,0,'','','dynamics','General',''),(441,'m_opt','',2,0,'','','dynamics','General',''),(442,'diff_6th_opt','',1,0,'','','dynamics','6th-order numerical diffusion',''),(443,'diff_6th_factor','',1,0,'','','dynamics','6th-order numerical diffusion',''),(444,'h_mom_adv_order','',2,0,'','','dynamics','Advection parameters',''),(445,'v_mom_adv_order','',2,0,'','','dynamics','Advection parameters',''),(446,'h_sca_adv_order','',2,0,'','','dynamics','Advection parameters',''),(447,'v_sca_adv_order','',2,0,'','','dynamics','Advection parameters',''),(448,'moist_adv_opt','',1,0,'','','dynamics','Advection parameters',''),(449,'scalar_adv_opt','',1,0,'','','dynamics','Advection parameters',''),(450,'tke_adv_opt','',1,0,'','','dynamics','Advection parameters',''),(451,'chem_adv_opt','',1,0,'','','dynamics','Advection parameters',''),(452,'tracer_adv_opt','',1,0,'','','dynamics','Advection parameters',''),(453,'momentum_adv_opt','',1,0,'','','dynamics','Advection parameters',''),(454,'spec_bdy_width','',1,0,'','','bdy_control','',''),(455,'spec_zone','',1,0,'','','bdy_control','',''),(456,'relax_zone','',1,0,'','','bdy_control','',''),(457,'spec_exp','',2,0,'','','bdy_control','',''),(458,'periodic_x','',2,0,'','','bdy_control','',''),(459,'symmetric_xs','',2,0,'','','bdy_control','',''),(460,'symmetric_xe','',2,0,'','','bdy_control','',''),(461,'open_xs','',2,0,'','','bdy_control','',''),(462,'open_xe','',2,0,'','','bdy_control','',''),(463,'periodic_y','',2,0,'','','bdy_control','',''),(464,'symmetric_ys','',2,0,'','','bdy_control','',''),(465,'symmetric_ye','',2,0,'','','bdy_control','',''),(466,'open_ys','',2,0,'','','bdy_control','',''),(467,'open_ye','',2,0,'','','bdy_control','',''),(468,'polar','',2,0,'','','bdy_control','',''),(469,'constant_bc','',2,0,'','','bdy_control','',''),(470,'spec_bdy_final_mu','',2,0,'','','bdy_control','',''),(471,'have_bcs_moist','',2,0,'','','bdy_control','',''),(472,'have_bcs_scalar','',2,0,'','','bdy_control','',''),(473,'specified','',0,1,'','','bdy_control','',''),(474,'nested','',0,1,'','','bdy_control','',''),(475,'dfi_opt','',1,0,'','','dfi_control','General',''),(476,'dfi_nfilter','',1,0,'','','dfi_control','General',''),(477,'dfi_write_filtered_input','',1,0,'','','dfi_control','General',''),(478,'dfi_write_dfi_history','',1,0,'','','dfi_control','General',''),(479,'dfi_cutoff_seconds','',1,0,'','','dfi_control','General',''),(480,'dfi_time_dim','',1,0,'','','dfi_control','General',''),(481,'dfi_radar','',2,0,'','','dfi_control','General',''),(482,'dfi_fwdstop_year','',0,0,'','','dfi_control','stop times',''),(483,'dfi_fwdstop_month','',0,0,'','','dfi_control','stop times',''),(484,'dfi_fwdstop_day','',0,0,'','','dfi_control','stop times',''),(485,'dfi_fwdstop_hour','',0,0,'','','dfi_control','stop times',''),(486,'dfi_fwdstop_minute','',0,0,'','','dfi_control','stop times',''),(487,'dfi_fwdstop_second','',0,0,'','','dfi_control','stop times',''),(488,'dfi_bckstop_year','',0,0,'','','dfi_control','stop times',''),(489,'dfi_bckstop_month','',0,0,'','','dfi_control','stop times',''),(490,'dfi_bckstop_day','',0,0,'','','dfi_control','stop times',''),(491,'dfi_bckstop_hour','',0,0,'','','dfi_control','stop times',''),(492,'dfi_bckstop_minute','',0,0,'','','dfi_control','stop times',''),(493,'dfi_bckstop_second','',0,0,'','','dfi_control','stop times',''),(494,'da_option','',1,0,'','','dfi_control','Data Assimilation Options',''),(495,'cycling_frequency_d','',1,0,'','','dfi_control','Cycling parameters',''),(496,'cycling_frequency_m','',1,0,'','','dfi_control','Cycling parameters',''),(497,'cycling_frequency_h','',1,0,'','','dfi_control','Cycling parameters',''),(498,'cycling_frequency_s','',1,0,'','','dfi_control','Cycling parameters',''),(499,'domains_to_perform_assimilation','',1,0,'','','dfi_control','Cycling parameters','');
/*!40000 ALTER TABLE `input_field` ENABLE KEYS */;
UNLOCK TABLES;

--
-- Table structure for table `validation`
--

DROP TABLE IF EXISTS `validation`;
/*!40101 SET @saved_cs_client     = @@character_set_client */;
/*!40101 SET character_set_client = utf8 */;
CREATE TABLE `validation` (
  `id` int(11) NOT NULL AUTO_INCREMENT,
  `data_type` tinyint(2) NOT NULL,
  `max_domain` tinyint(1) NOT NULL,
  `tool` tinyint(1) DEFAULT 0,
  `tool_name` varchar(50) NOT NULL,
  `default_bool` tinyint(1) DEFAULT NULL,
  `default_char` varchar(1024) DEFAULT NULL,
  `char_len` int(11) DEFAULT NULL,
  `default_int` int(11) DEFAULT NULL,
  `default_real` double(16,4) DEFAULT NULL,
  PRIMARY KEY (`id`)
) ENGINE=InnoDB AUTO_INCREMENT=1042 DEFAULT CHARSET=latin1;
/*!40101 SET character_set_client = @saved_cs_client */;

--
-- Dumping data for table `validation`
--

LOCK TABLES `validation` WRITE;
/*!40000 ALTER TABLE `validation` DISABLE KEYS */;
INSERT INTO `validation` VALUES (1,0,0,0,'',0,'',0,0,0.0000),(2,0,0,0,'',0,'',0,0,0.0000),(3,0,0,0,'',0,'',0,0,0.0000),(4,0,0,0,'',0,'',0,0,0.0000),(5,0,1,0,'',0,'',0,0,0.0000),(6,0,1,0,'',0,'',0,0,0.0000),(7,0,1,0,'',0,'',0,0,0.0000),(8,0,1,0,'',0,'',0,0,0.0000),(9,0,1,0,'',0,'',0,0,0.0000),(10,0,1,0,'',0,'',0,0,0.0000),(11,0,1,0,'',0,'',0,0,0.0000),(12,0,1,0,'',0,'',0,0,0.0000),(13,0,1,0,'',0,'',0,0,0.0000),(14,0,1,0,'',0,'',0,0,0.0000),(15,0,1,0,'',0,'',0,0,0.0000),(16,0,1,0,'',0,'',0,0,0.0000),(17,0,0,0,'',0,'',0,0,0.0000),(18,0,1,0,'',0,'',0,0,0.0000),(19,0,1,0,'',0,'',0,0,0.0000),(20,0,1,0,'',0,'',0,0,0.0000),(21,0,1,0,'',0,'',0,0,0.0000),(22,0,1,0,'',0,'',0,0,0.0000),(23,0,1,0,'',0,'',0,0,0.0000),(24,1,1,0,'',0,'',0,0,0.0000),(25,1,1,0,'',0,'',0,0,0.0000),(26,0,1,0,'',0,'',0,0,0.0000),(27,0,1,0,'',0,'',0,0,0.0000),(28,0,1,0,'',0,'',0,0,0.0000),(29,0,1,0,'',0,'',0,0,0.0000),(30,0,1,0,'',0,'',0,0,0.0000),(31,0,1,0,'',0,'',0,0,0.0000),(32,0,0,0,'',0,'',0,0,0.0000),(33,0,0,0,'',0,'',0,0,0.0000),(34,1,1,0,'',0,'',0,0,0.0000),(35,1,1,0,'',0,'',0,0,0.0000),(36,1,1,0,'',0,'',0,0,0.0000),(37,1,0,0,'',0,'',0,0,0.0000),(38,2,0,0,'',0,'/path/to/geog/data',0,0,0.0000),(39,0,0,0,'',0,'',0,0,0.0000),(40,0,1,0,'',0,'',0,0,0.0000),(41,0,0,0,'',0,'',0,0,0.0000),(42,0,0,0,'',0,'',0,0,0.0000),(43,0,0,0,'',0,'',0,0,0.0000),(44,0,0,0,'',0,'',0,0,0.0000),(45,2,1,0,'',0,'',0,0,0.0000),(46,3,1,0,'',0,'',0,0,0.0000),(47,3,1,0,'',0,'',0,0,0.0000),(48,3,1,0,'',0,'',0,0,0.0000),(49,0,1,0,'',0,'',0,0,0.0000),(50,0,0,0,'',0,'',0,0,0.0000),(51,0,0,0,'',0,'',0,0,0.0000),(52,0,0,0,'',0,'',0,0,0.0000),(53,0,0,0,'',0,'',0,0,0.0000),(54,0,0,0,'',0,'',0,0,0.0000),(55,0,0,0,'',0,'',0,0,0.0000),(56,0,0,0,'',0,'',0,0,0.0000),(57,0,0,0,'',0,'',0,0,0.0000),(58,0,0,0,'',0,'',0,0,0.0000),(59,0,0,0,'',0,'',0,0,0.0000),(60,0,0,0,'',0,'',0,0,0.0000),(61,0,0,0,'',0,'',0,0,0.0000),(62,0,0,0,'',0,'',0,0,0.0000),(63,0,0,0,'',0,'',0,0,0.0000),(64,3,0,0,'',0,'',0,0,0.0000),(65,3,0,0,'',0,'',0,0,0.0000),(66,3,0,0,'',0,'',0,0,0.0000),(67,0,0,0,'',0,'',0,0,0.0000),(68,0,0,0,'',0,'',0,0,0.0000),(69,0,0,0,'',0,'',0,0,0.0000),(70,0,0,0,'',0,'',0,0,0.0000),(71,0,1,0,'',0,'',0,0,0.0000),(72,0,1,0,'',0,'',0,0,0.0000),(73,0,1,0,'',0,'',0,0,0.0000),(74,0,1,0,'',0,'',0,0,0.0000),(75,0,1,0,'',0,'',0,0,0.0000),(76,0,1,0,'',0,'',0,0,0.0000),(77,0,1,0,'',0,'',0,0,0.0000),(78,0,1,0,'',0,'',0,0,0.0000),(79,0,1,0,'',0,'',0,0,0.0000),(80,0,1,0,'',0,'',0,0,0.0000),(81,0,1,0,'',0,'',0,0,0.0000),(82,0,1,0,'',0,'',0,0,0.0000),(83,0,1,0,'',0,'',0,1,0.0000),(84,0,1,0,'',0,'',0,0,0.0000),(85,0,1,0,'',0,'',0,0,0.0000),(86,0,1,0,'',0,'',0,0,0.0000),(87,0,1,0,'',0,'',0,0,0.0000),(88,0,1,0,'',0,'',0,0,0.0000),(89,0,1,0,'',0,'',0,0,0.0000),(90,0,1,0,'',0,'',0,0,0.0000),(91,0,1,0,'',0,'',0,0,0.0000),(92,0,1,0,'',0,'',0,0,0.0000),(93,0,1,0,'',0,'',0,0,0.0000),(94,0,1,0,'',0,'',0,0,0.0000),(95,0,1,0,'',0,'',0,0,0.0000),(96,0,1,0,'',0,'',0,0,0.0000),(97,0,1,0,'',0,'',0,0,0.0000),(98,0,1,0,'',0,'',0,0,0.0000),(99,0,1,0,'',0,'',0,0,0.0000),(100,0,1,0,'',0,'',0,0,0.0000),(101,0,1,0,'',0,'',0,0,0.0000),(102,0,1,0,'',0,'',0,0,0.0000),(103,0,1,0,'',0,'',0,0,0.0000),(104,2,0,0,'',0,'wrfinput_d<domain>_<date>',0,0,0.0000),(105,2,0,0,'',0,'met_em.d<domain><date>',0,0,0.0000),(106,2,0,0,'',0,'wrflowinp_d<domain>',0,0,0.0000),(107,3,0,0,'',1,'',0,0,0.0000),(108,3,0,0,'',1,'',0,0,0.0000),(109,3,0,0,'',1,'',0,0,0.0000),(110,3,0,0,'',1,'',0,0,0.0000),(111,0,0,0,'',0,'',0,0,0.0000),(112,0,0,0,'',0,'',0,0,0.0000),(113,0,0,0,'',0,'',0,0,0.0000),(114,0,0,0,'',0,'',0,0,0.0000),(115,0,0,0,'',0,'',0,0,0.0000),(116,0,0,0,'',0,'',0,0,0.0000),(117,0,0,0,'',0,'',0,2,0.0000),(118,0,0,0,'',0,'',0,0,0.0000),(119,0,1,0,'',0,'',0,0,0.0000),(120,0,1,0,'',0,'',0,0,0.0000),(121,0,1,0,'',0,'',0,0,0.0000),(122,0,1,0,'',0,'',0,0,0.0000),(123,0,1,0,'',0,'',0,0,0.0000),(124,0,1,0,'',0,'',0,0,0.0000),(125,1,1,0,'',0,'',0,0,0.0000),(126,1,1,0,'',0,'',0,0,0.0000),(127,0,1,0,'',0,'',0,0,0.0000),(128,0,1,0,'',0,'',0,0,0.0000),(129,0,1,0,'',0,'',0,0,0.0000),(130,0,1,0,'',0,'',0,0,0.0000),(131,0,1,0,'',0,'',0,0,0.0000),(132,1,0,0,'',0,'',0,0,0.0000),(133,1,0,0,'',0,'',0,0,5000.0000),(134,1,1,0,'',0,'',0,0,15000.0000),(135,0,0,0,'',0,'',0,-1,0.0000),(136,0,0,0,'',0,'',0,0,0.0000),(137,0,0,0,'',0,'',0,1,0.0000),(138,0,0,0,'',0,'',0,-1,0.0000),(139,0,1,0,'',0,'',0,1,0.0000),(140,3,0,0,'',0,'',0,0,0.0000),(141,3,0,0,'',0,'',0,0,0.0000),(142,3,0,0,'',0,'',0,0,0.0000),(143,0,1,0,'',0,'',0,-1,0.0000),(144,0,1,0,'',0,'',0,0,0.0000),(145,0,1,0,'',0,'',0,-1,0.0000),(146,0,1,0,'',0,'',0,0,0.0000),(147,1,1,0,'',0,'',0,0,1.2000),(148,1,1,0,'',0,'',0,0,0.8400),(149,0,1,0,'',0,'',0,5,0.0000),(150,0,1,0,'',0,'',0,-1,0.0000),(151,0,1,0,'',0,'',0,0,0.0000),(152,3,0,0,'',1,'',0,0,0.0000),(153,0,0,0,'',0,'',0,1,0.0000),(154,3,0,0,'',0,'',0,0,0.0000),(155,0,0,0,'',0,'',0,0,0.0000),(156,0,0,0,'',0,'',0,0,0.0000),(157,0,0,0,'',0,'',0,0,0.0000),(158,0,0,0,'',0,'',0,0,0.0000),(159,0,0,0,'',0,'',0,0,0.0000),(160,0,0,0,'',0,'',0,0,0.0000),(161,0,0,0,'',0,'',0,0,0.0000),(162,0,0,0,'',0,'',0,0,0.0000),(163,0,0,0,'',0,'',0,0,0.0000),(164,1,0,0,'',0,'',0,0,5000.0000),(165,1,0,0,'',0,'',0,0,5000.0000),(166,1,0,0,'',0,'',0,0,30000.0000),(167,0,0,0,'',0,'',0,0,0.0000),(168,0,0,0,'',0,'',0,0,0.0000),(169,0,0,0,'',0,'',0,0,0.0000),(170,0,0,0,'',0,'',0,0,0.0000),(171,0,0,0,'',0,'',0,0,0.0000),(172,0,0,0,'',0,'',0,0,0.0000),(173,3,0,0,'',0,'',0,0,0.0000),(174,3,0,0,'',0,'',0,0,0.0000),(175,3,0,0,'',0,'',0,0,0.0000),(176,0,0,0,'',0,'',0,0,0.0000),(177,0,0,0,'',0,'',0,0,0.0000),(178,0,0,0,'',0,'',0,0,0.0000),(179,0,0,0,'',0,'',0,0,0.0000),(180,0,0,0,'',0,'',0,0,0.0000),(181,0,0,0,'',0,'',0,0,0.0000),(182,0,0,0,'',0,'',0,0,0.0000),(183,0,0,0,'',0,'',0,0,0.0000),(184,0,0,0,'',0,'',0,0,0.0000),(185,3,0,0,'',0,'',0,0,0.0000),(186,3,0,0,'',0,'',0,0,0.0000),(187,3,0,0,'',0,'',0,0,0.0000),(188,3,0,0,'',0,'',0,0,0.0000),(189,3,0,0,'',0,'',0,0,0.0000),(190,3,0,0,'',0,'',0,0,0.0000),(191,0,0,0,'',0,'',0,0,0.0000),(192,0,0,0,'',0,'',0,0,0.0000),(193,0,0,0,'',0,'',0,0,0.0000),(194,0,0,0,'',0,'',0,0,0.0000),(195,3,0,0,'',0,'',0,0,0.0000),(196,3,0,0,'',0,'',0,0,0.0000),(197,3,0,0,'',0,'',0,0,0.0000),(198,3,0,0,'',0,'',0,0,0.0000),(199,3,0,0,'',0,'',0,0,0.0000),(200,3,0,0,'',0,'',0,0,0.0000),(201,3,0,0,'',0,'',0,0,0.0000),(202,3,0,0,'',0,'',0,0,0.0000),(203,3,0,0,'',0,'',0,0,0.0000),(204,0,0,0,'',0,'',0,0,0.0000),(205,0,0,0,'',0,'',0,0,0.0000),(206,0,0,0,'',0,'',0,0,0.0000),(207,3,0,0,'',0,'',0,0,0.0000),(208,3,0,0,'',0,'',0,0,0.0000),(209,3,0,0,'',0,'',0,0,0.0000),(210,0,0,0,'',0,'',0,30,0.0000),(211,1,0,0,'',0,'',0,0,-1.0000),(212,1,0,0,'',0,'',0,0,-1.0000),(213,1,0,0,'',0,'',0,0,-1.0000),(214,0,0,0,'',0,'',0,0,0.0000),(215,2,0,0,'',0,'',0,0,0.0000),(216,2,0,0,'',0,'',0,0,0.0000),(217,2,0,0,'',0,'',0,0,0.0000),(218,2,0,0,'',0,'',0,0,0.0000),(219,0,1,0,'',0,'',0,0,0.0000),(220,0,1,0,'',0,'',0,0,0.0000),(221,0,1,0,'',0,'',0,0,0.0000),(222,0,1,0,'',0,'',0,0,0.0000),(223,0,1,0,'',0,'',0,0,0.0000),(224,0,1,0,'',0,'',0,0,0.0000),(225,0,1,0,'',0,'',0,0,0.0000),(226,0,1,0,'',0,'',0,0,0.0000),(227,0,1,0,'',0,'',0,0,0.0000),(228,0,1,0,'',0,'',0,0,0.0000),(229,0,1,0,'',0,'',0,0,0.0000),(230,0,1,0,'',0,'',0,0,0.0000),(231,0,1,0,'',0,'',0,0,0.0000),(232,0,1,0,'',0,'',0,0,0.0000),(233,0,1,0,'',0,'',0,0,0.0000),(234,0,1,0,'',0,'',0,0,0.0000),(235,0,1,0,'',0,'',0,0,0.0000),(236,0,1,0,'',0,'',0,0,0.0000),(237,0,1,0,'',0,'',0,0,0.0000),(238,0,1,0,'',0,'',0,0,0.0000),(239,0,1,0,'',0,'',0,0,0.0000),(240,0,1,0,'',0,'',0,0,0.0000),(241,0,1,0,'',0,'',0,0,0.0000),(242,0,1,0,'',0,'',0,0,0.0000),(243,0,1,0,'',0,'',0,0,0.0000),(244,0,1,0,'',0,'',0,0,0.0000),(245,0,1,0,'',0,'',0,0,0.0000),(246,0,1,0,'',0,'',0,0,0.0000),(247,0,1,0,'',0,'',0,0,0.0000),(248,0,0,0,'',0,'',0,0,0.0000),(249,0,0,0,'',0,'',0,0,0.0000),(250,0,0,0,'',0,'',0,0,0.0000),(251,0,0,0,'',0,'',0,0,0.0000),(252,0,0,0,'',0,'',0,0,0.0000),(253,0,0,0,'',0,'',0,0,0.0000),(254,0,0,0,'',0,'',0,0,0.0000),(255,0,0,0,'',0,'',0,0,0.0000),(256,0,0,0,'',0,'',0,0,0.0000),(257,0,0,0,'',0,'',0,0,0.0000),(258,0,0,0,'',0,'',0,0,0.0000),(259,0,0,0,'',0,'',0,0,0.0000),(260,0,0,0,'',0,'',0,0,0.0000),(261,0,0,0,'',0,'',0,0,0.0000),(262,1,0,0,'',0,'',0,0,0.0000),(263,1,0,0,'',0,'',0,0,10.0000),(264,1,0,0,'',0,'',0,0,100000000.0000),(265,0,0,0,'',0,'',0,0,0.0000),(266,1,1,0,'',0,'',0,0,500000000.0000),(267,1,1,0,'',0,'',0,0,0.0000),(268,1,1,0,'',0,'',0,0,1.0000),(269,1,1,0,'',0,'',0,0,400000.0000),(270,1,1,0,'',0,'',0,0,40000.0000),(271,1,1,0,'',0,'',0,0,800000.0000),(272,1,1,0,'',0,'',0,0,3000000.0000),(273,1,1,0,'',0,'',0,0,500.0000),(274,1,1,0,'',0,'',0,0,900.0000),(275,1,1,0,'',0,'',0,0,100.0000),(276,0,0,0,'',0,'',0,0,0.0000),(277,0,0,0,'',0,'',0,0,0.0000),(278,0,0,0,'',0,'',0,0,0.0000),(279,0,0,0,'',0,'',0,1,0.0000),(280,3,0,0,'',0,'',0,0,0.0000),(281,3,0,0,'',0,'',0,0,0.0000),(282,3,0,0,'',0,'',0,0,0.0000),(283,3,0,0,'',0,'',0,0,0.0000),(284,3,0,0,'',0,'',0,0,0.0000),(285,3,0,0,'',0,'',0,0,0.0000),(286,0,1,0,'',0,'',0,0,0.0000),(287,0,1,0,'',0,'',0,0,0.0000),(288,0,1,0,'',0,'',0,0,0.0000),(289,0,1,0,'',0,'',0,0,0.0000),(290,0,1,0,'',0,'',0,0,0.0000),(291,0,1,0,'',0,'',0,0,0.0000),(292,0,1,0,'',0,'',0,0,0.0000),(293,0,1,0,'',0,'',0,0,0.0000),(294,0,1,0,'',0,'',0,0,0.0000),(295,0,1,0,'',0,'',0,0,0.0000),(296,0,1,0,'',0,'',0,0,0.0000),(297,0,1,0,'',0,'',0,0,0.0000),(298,0,1,0,'',0,'',0,0,0.0000),(299,0,1,0,'',0,'',0,0,0.0000),(300,0,1,0,'',0,'',0,0,0.0000),(301,0,1,0,'',0,'',0,0,0.0000),(302,1,1,0,'',0,'',0,0,0.0000),(303,0,0,0,'',0,'',0,0,0.0000),(304,0,0,0,'',0,'',0,0,0.0000),(305,0,0,0,'',0,'',0,0,0.0000),(306,0,0,0,'',0,'',0,0,0.0000),(307,0,0,0,'',0,'',0,0,0.0000),(308,0,0,0,'',0,'',0,0,0.0000),(309,0,0,0,'',0,'',0,1,0.0000),(310,1,0,0,'',0,'',0,0,21600.0000),(311,0,0,0,'',0,'',0,1,0.0000),(312,0,0,0,'',0,'',0,1,0.0000),(313,0,0,0,'',0,'',0,1,0.0000),(314,0,0,0,'',0,'',0,0,0.0000),(315,0,0,0,'',0,'',0,0,0.0000),(316,0,0,0,'',0,'',0,0,0.0000),(317,0,0,0,'',0,'',0,0,0.0000),(318,0,0,0,'',0,'',0,0,0.0000),(319,0,0,0,'',0,'',0,0,0.0000),(320,0,0,0,'',0,'',0,0,0.0000),(321,0,0,0,'',0,'',0,0,0.0000),(322,0,1,0,'',0,'',0,0,0.0000),(323,0,1,0,'',0,'',0,0,0.0000),(324,0,1,0,'',0,'',0,0,0.0000),(325,0,1,0,'',0,'',0,0,0.0000),(326,0,1,0,'',0,'',0,0,0.0000),(327,0,1,0,'',0,'',0,0,0.0000),(328,0,1,0,'',0,'',0,0,0.0000),(329,0,1,0,'',0,'',0,0,0.0000),(330,0,1,0,'',0,'',0,0,0.0000),(331,0,1,0,'',0,'',0,0,0.0000),(332,0,1,0,'',0,'',0,0,0.0000),(333,0,1,0,'',0,'',0,0,0.0000),(334,0,1,0,'',0,'',0,0,0.0000),(335,0,1,0,'',0,'',0,0,0.0000),(336,0,1,0,'',0,'',0,0,0.0000),(337,1,1,0,'',0,'',0,0,0.1200),(338,1,1,0,'',0,'',0,0,1.3000),(339,1,1,0,'',0,'',0,0,0.8500),(340,1,1,0,'',0,'',0,0,0.9000),(341,0,1,0,'',0,'',0,0,0.0000),(342,0,1,0,'',0,'',0,0,0.0000),(343,0,1,0,'',0,'',0,0,0.0000),(344,0,1,0,'',0,'',0,0,0.0000),(345,0,1,0,'',0,'',0,0,0.0000),(346,0,1,0,'',0,'',0,0,0.0000),(347,0,1,0,'',0,'',0,0,0.0000),(348,0,1,0,'',0,'',0,0,0.0000),(349,0,1,0,'',0,'',0,0,0.0000),(350,0,1,0,'',0,'',0,0,0.0000),(351,0,1,0,'',0,'',0,0,0.0000),(352,0,1,0,'',0,'',0,0,0.0000),(353,0,1,0,'',0,'',0,0,0.0000),(354,0,1,0,'',0,'',0,0,0.0000),(355,0,0,0,'',0,'',0,0,0.0000),(356,0,0,0,'',0,'',0,0,0.0000),(357,0,0,0,'',0,'',0,0,0.0000),(358,0,1,0,'',0,'',0,0,0.0000),(359,0,1,0,'',0,'',0,0,0.0000),(360,0,1,0,'',0,'',0,0,0.0000),(361,0,1,0,'',0,'',0,0,0.0000),(362,0,1,0,'',0,'',0,0,0.0000),(363,0,1,0,'',0,'',0,0,0.0000),(364,0,1,0,'',0,'',0,0,0.0000),(365,0,1,0,'',0,'',0,0,0.0000),(366,0,1,0,'',0,'',0,0,0.0000),(367,0,1,0,'',0,'',0,0,0.0000),(368,0,1,0,'',0,'',0,0,0.0000),(369,0,1,0,'',0,'',0,0,0.0000),(370,0,1,0,'',0,'',0,0,0.0000),(371,0,1,0,'',0,'',0,0,0.0000),(372,3,0,0,'',0,'',0,0,0.0000),(373,3,0,0,'',0,'',0,0,0.0000),(374,3,0,0,'',0,'',0,0,0.0000),(375,0,0,0,'',0,'',0,0,0.0000),(376,0,0,0,'',0,'',0,0,0.0000),(377,0,0,0,'',0,'',0,0,0.0000),(378,0,0,0,'',0,'',0,0,0.0000),(379,0,0,0,'',0,'',0,0,0.0000),(380,0,0,0,'',0,'',0,0,0.0000),(381,0,0,0,'',0,'',0,0,0.0000),(382,0,0,0,'',0,'',0,0,0.0000),(383,0,0,0,'',0,'',0,0,0.0000),(384,0,0,0,'',0,'',0,0,0.0000),(385,0,0,0,'',0,'',0,0,0.0000),(386,0,0,0,'',0,'',0,0,0.0000),(387,0,0,0,'',0,'',0,0,0.0000),(388,0,0,0,'',0,'',0,0,0.0000),(389,0,0,0,'',0,'',0,0,0.0000),(390,0,0,0,'',0,'',0,0,0.0000),(391,0,0,0,'',0,'',0,0,0.0000),(392,0,0,0,'',0,'',0,0,0.0000),(393,0,0,0,'',0,'',0,0,0.0000),(394,1,0,0,'',0,'',0,0,1.0000),(395,0,0,0,'',0,'',0,0,0.0000),(396,0,0,0,'',0,'',0,0,0.0000),(397,0,0,0,'',0,'',0,0,0.0000),(398,0,0,0,'',0,'',0,0,0.0000),(399,0,1,0,'',0,'',0,0,0.0000),(400,0,1,0,'',0,'',0,0,0.0000),(401,0,1,0,'',0,'',0,0,0.0000),(402,0,0,0,'',0,'',0,0,0.0000),(403,0,0,0,'',0,'',0,0,0.0000),(404,0,0,0,'',0,'',0,0,0.0000),(405,0,0,0,'',0,'',0,0,0.0000),(406,0,0,0,'',0,'',0,0,0.0000),(407,0,0,0,'',0,'',0,16,0.0000),(408,3,0,0,'',0,'',0,0,0.0000),(409,3,0,0,'',0,'',0,0,0.0000),(410,3,0,0,'',0,'',0,0,0.0000),(411,3,0,0,'',0,'',0,0,0.0000),(412,3,0,0,'',0,'',0,0,0.0000),(413,3,0,0,'',0,'',0,0,0.0000),(414,3,0,0,'',0,'',0,0,0.0000),(415,3,0,0,'',0,'',0,0,0.0000),(416,3,0,0,'',0,'',0,0,0.0000),(417,1,0,0,'',0,'',0,0,100.0000),(418,0,0,0,'',0,'',0,0,0.0000),(419,0,0,0,'',0,'',0,0,0.0000),(420,0,0,0,'',0,'',0,0,0.0000),(421,0,0,0,'',0,'',0,0,0.0000),(422,0,0,0,'',0,'',0,0,0.0000),(423,0,0,0,'',0,'',0,0,0.0000),(424,0,0,0,'',0,'',0,150,0.0000),(425,0,0,0,'',0,'',0,0,0.0000),(426,0,0,0,'',0,'',0,0,0.0000),(427,0,0,0,'',0,'',0,0,0.0000),(428,1,0,0,'',0,'',0,0,-1.0000),(429,1,0,0,'',0,'',0,0,-1.0000),(430,0,1,0,'',0,'',0,0,0.0000),(431,0,1,0,'',0,'',0,0,0.0000),(432,0,1,0,'',0,'',0,0,0.0000),(433,0,1,0,'',0,'',0,0,0.0000),(434,0,1,0,'',0,'',0,0,0.0000),(435,0,1,0,'',0,'',0,0,0.0000),(436,1,0,0,'',0,'',0,0,25000.0000),(437,0,0,0,'',0,'',0,0,0.0000),(438,0,0,0,'',0,'',0,0,0.0000),(439,0,0,0,'',0,'',0,0,0.0000),(440,1,0,0,'',0,'',0,0,1.0000),(441,1,0,0,'',0,'',0,0,50.0000),(442,1,0,0,'',0,'',0,0,0.1400),(443,1,0,0,'',0,'',0,0,0.0000),(444,0,0,0,'',0,'',0,0,0.0000),(445,0,0,0,'',0,'',0,0,0.0000),(446,0,0,0,'',0,'',0,0,0.0000),(447,0,0,0,'',0,'',0,0,0.0000),(448,0,0,0,'',0,'',0,0,0.0000),(449,0,0,0,'',0,'',0,0,0.0000),(450,0,0,0,'',0,'',0,0,0.0000),(451,0,0,0,'',0,'',0,0,0.0000),(452,0,0,0,'',0,'',0,0,0.0000),(453,0,0,0,'',0,'',0,0,0.0000),(454,0,0,0,'',0,'',0,0,0.0000),(455,1,0,0,'',0,'',0,0,0.6500),(456,0,0,0,'',0,'',0,0,0.0000),(457,0,0,0,'',0,'',0,0,0.0000),(458,0,0,0,'',0,'',0,0,0.0000),(459,1,0,0,'',0,'',0,0,10000000000.0000),(460,1,0,0,'',0,'',0,0,0.0010),(461,0,0,0,'',0,'',0,0,0.0000),(462,0,0,0,'',0,'',0,0,0.0000),(463,0,0,0,'',0,'',0,0,0.0000),(464,1,0,0,'',0,'',0,0,3.0000),(465,0,1,0,'',0,'',0,0,0.0000),(466,0,1,0,'',0,'',0,0,0.0000),(467,0,1,0,'',0,'',0,0,0.0000),(468,1,1,0,'',0,'',0,0,50.0000),(469,1,1,0,'',0,'',0,0,5.0000),(470,0,1,0,'',0,'',0,0,0.0000),(471,0,1,0,'',0,'',0,0,0.0000),(472,0,1,0,'',0,'',0,0,0.0000),(473,0,1,0,'',0,'',0,0,0.0000),(474,0,1,0,'',0,'',0,0,0.0000),(475,0,1,0,'',0,'',0,0,0.0000),(476,0,1,0,'',0,'',0,0,0.0000),(477,0,1,0,'',0,'',0,0,0.0000),(478,0,1,0,'',0,'',0,0,0.0000),(479,0,1,0,'',0,'',0,0,0.0000),(480,0,1,0,'',0,'',0,0,0.0000),(481,0,1,0,'',0,'',0,0,0.0000),(482,0,1,0,'',0,'',0,0,0.0000),(483,0,1,0,'',0,'',0,0,0.0000),(484,0,1,0,'',0,'',0,0,0.0000),(485,0,1,0,'',0,'',0,0,0.0000),(486,0,1,0,'',0,'',0,0,0.0000),(487,0,1,0,'',0,'',0,0,0.0000),(488,0,1,0,'',0,'',0,0,0.0000),(489,0,1,0,'',0,'',0,0,0.0000),(490,1,1,0,'',0,'',0,0,0.0000),(491,0,0,0,'',0,'',0,0,0.0000),(492,0,0,0,'',0,'',0,0,0.0000),(493,0,0,0,'',0,'',0,0,0.0000),(494,0,0,0,'',0,'',0,0,0.0000),(495,0,1,0,'',0,'',0,0,0.0000),(496,0,1,0,'',0,'',0,0,0.0000),(497,0,1,0,'',0,'',0,0,0.0000),(498,3,1,0,'',0,'',0,0,0.0000),(499,3,1,0,'',0,'',0,0,0.0000),(500,3,1,0,'',0,'',0,0,0.0000),(501,0,0,0,'',0,'',0,0,0.0000),(502,0,0,0,'',0,'',0,0,0.0000),(503,0,0,0,'',0,'',0,0,0.0000),(504,0,1,0,'',0,'',0,0,0.0000),(505,0,1,0,'',0,'',0,0,0.0000),(506,0,1,0,'',0,'',0,0,0.0000),(507,0,0,0,'',0,'',0,0,0.0000),(508,0,0,0,'',0,'',0,0,0.0000),(509,0,0,0,'',0,'',0,0,0.0000),(510,0,0,0,'',0,'',0,0,0.0000),(511,0,0,0,'',0,'',0,0,0.0000),(512,0,0,0,'',0,'',0,0,0.0000),(513,0,0,0,'',0,'',0,0,0.0000),(514,0,0,0,'',0,'',0,0,0.0000),(515,0,1,0,'',0,'',0,0,0.0000),(516,0,1,0,'',0,'',0,0,0.0000),(517,0,1,0,'',0,'',0,0,0.0000),(518,0,1,0,'',0,'',0,0,0.0000),(519,0,1,0,'',0,'',0,0,0.0000),(520,0,1,0,'',0,'',0,0,0.0000),(521,0,1,0,'',0,'',0,0,0.0000),(522,0,1,0,'',0,'',0,0,0.0000),(523,0,1,0,'',0,'',0,0,0.0000),(524,0,1,0,'',0,'',0,0,0.0000),(525,0,1,0,'',0,'',0,0,0.0000),(526,0,1,0,'',0,'',0,1,0.0000),(527,0,1,0,'',0,'',0,0,0.0000),(528,0,0,0,'',0,'',0,1,0.0000),(529,0,0,0,'',0,'',0,0,0.0000),(530,0,0,0,'',0,'',0,3,0.0000),(531,0,0,0,'',0,'',0,0,0.0000),(532,0,0,0,'',0,'',0,0,0.0000),(533,0,1,0,'',0,'',0,0,0.0000),(534,0,0,0,'',0,'',0,0,0.0000),(535,0,1,0,'',0,'',0,0,0.0000),(536,0,1,0,'',0,'',0,0,0.0000),(537,0,1,0,'',0,'',0,0,0.0000),(538,0,1,0,'',0,'',0,0,0.0000),(539,0,1,0,'',0,'',0,0,0.0000),(540,0,1,0,'',0,'',0,0,0.0000),(541,0,1,0,'',0,'',0,0,0.0000),(542,0,1,0,'',0,'',0,0,0.0000),(543,0,1,0,'',0,'',0,0,0.0000),(544,0,1,0,'',0,'',0,0,0.0000),(545,0,1,0,'',0,'',0,0,0.0000),(546,0,1,0,'',0,'',0,0,0.0000),(547,0,1,0,'',0,'',0,0,0.0000),(548,0,1,0,'',0,'',0,0,0.0000),(549,0,1,0,'',0,'',0,0,0.0000),(550,0,1,0,'',0,'',0,0,0.0000),(551,0,1,0,'',0,'',0,0,0.0000),(552,1,1,0,'',0,'',0,0,0.0000),(553,0,0,0,'',0,'',0,0,0.0000),(554,0,0,0,'',0,'',0,0,0.0000),(555,0,0,0,'',0,'',0,0,0.0000),(556,0,0,0,'',0,'',0,0,0.0000),(557,0,0,0,'',0,'',0,0,0.0000),(558,0,0,0,'',0,'',0,0,0.0000),(559,0,0,0,'',0,'',0,0,0.0000),(560,0,0,0,'',0,'',0,0,0.0000),(561,0,0,0,'',0,'',0,0,0.0000),(562,0,0,0,'',0,'',0,0,0.0000),(563,0,1,0,'',0,'',0,0,0.0000),(564,0,1,0,'',0,'',0,0,0.0000),(565,0,1,0,'',0,'',0,0,0.0000),(566,0,1,0,'',0,'',0,0,0.0000),(567,0,1,0,'',0,'',0,0,0.0000),(568,0,1,0,'',0,'',0,0,0.0000),(569,0,1,0,'',0,'',0,0,0.0000),(570,0,0,0,'',0,'',0,1,0.0000),(571,0,0,0,'',0,'',0,3,0.0000),(572,0,0,0,'',0,'',0,3,0.0000),(573,0,0,0,'',0,'',0,16,0.0000),(574,0,0,0,'',0,'',0,144,0.0000),(575,0,0,0,'',0,'',0,0,0.0000),(576,0,0,0,'',0,'',0,0,0.0000),(577,0,0,0,'',0,'',0,0,0.0000),(578,0,0,0,'',0,'',0,0,0.0000),(579,0,0,0,'',0,'',0,0,0.0000),(580,0,0,0,'',0,'',0,0,0.0000),(581,3,1,0,'',0,'',0,0,0.0000),(582,3,1,0,'',0,'',0,0,0.0000),(583,3,1,0,'',0,'',0,0,0.0000),(584,0,1,0,'',0,'',0,21,0.0000),(585,1,1,0,'',0,'',0,0,1.0000),(586,1,1,0,'',0,'',0,0,1.0000),(587,1,1,0,'',0,'',0,0,1.0000),(588,1,1,0,'',0,'',0,0,1.0000),(589,0,1,0,'',0,'',0,0,0.0000),(590,0,1,0,'',0,'',0,0,0.0000),(591,0,1,0,'',0,'',0,0,0.0000),(592,1,0,0,'',0,'',0,0,30.0000),(593,3,1,0,'',0,'',0,0,0.0000),(594,3,1,0,'',0,'',0,0,0.0000),(595,3,1,0,'',0,'',0,0,0.0000),(596,0,1,0,'',0,'',0,0,0.0000),(597,0,1,0,'',0,'',0,0,0.0000),(598,0,1,0,'',0,'',0,0,0.0000),(599,0,1,0,'',0,'',0,0,0.0000),(600,0,1,0,'',0,'',0,0,0.0000),(601,0,1,0,'',0,'',0,0,0.0000),(602,0,1,0,'',0,'',0,0,0.0000),(603,0,1,0,'',0,'',0,0,0.0000),(604,0,1,0,'',0,'',0,0,0.0000),(605,1,1,0,'',0,'',0,0,0.0000),(606,1,1,0,'',0,'',0,0,0.0000),(607,1,1,0,'',0,'',0,0,1.0000),(608,0,1,0,'',0,'',0,0,0.0000),(609,0,1,0,'',0,'',0,0,0.0000),(610,0,1,0,'',0,'',0,0,0.0000),(611,0,1,0,'',0,'',0,0,0.0000),(612,1,1,0,'',0,'',0,0,2.0000),(613,0,1,0,'',0,'',0,0,0.0000),(614,0,1,0,'',0,'',0,0,0.0000),(615,0,1,0,'',0,'',0,0,0.0000),(616,0,1,0,'',0,'',0,0,0.0000),(617,0,1,0,'',0,'',0,0,0.0000),(618,0,1,0,'',0,'',0,0,0.0000),(619,1,1,0,'',0,'',0,0,0.0000),(620,1,1,0,'',0,'',0,0,1.0000),(621,0,1,0,'',0,'',0,0,0.0000),(622,0,1,0,'',0,'',0,0,0.0000),(623,0,1,0,'',0,'',0,0,0.0000),(624,1,1,0,'',0,'',0,0,500000.0000),(625,1,1,0,'',0,'',0,0,21600.0000),(626,1,1,0,'',0,'',0,0,0.0300),(627,1,1,0,'',0,'',0,0,3.0000),(628,0,0,0,'',0,'',0,0,0.0000),(629,0,0,0,'',0,'',0,0,0.0000),(630,0,0,0,'',0,'',0,0,0.0000),(631,0,0,0,'',0,'',0,0,0.0000),(632,0,0,0,'',0,'',0,17,0.0000),(633,0,1,0,'',0,'',0,0,0.0000),(634,0,1,0,'',0,'',0,0,0.0000),(635,0,1,0,'',0,'',0,0,0.0000),(636,1,1,0,'',0,'',0,0,150000.0000),(637,1,1,0,'',0,'',0,0,21600.0000),(638,1,1,0,'',0,'',0,0,0.5000),(639,1,1,0,'',0,'',0,0,2.0000),(640,0,0,0,'',0,'',0,0,0.0000),(641,0,0,0,'',0,'',0,53,0.0000),(642,0,1,0,'',0,'',0,0,0.0000),(643,0,1,0,'',0,'',0,0,0.0000),(644,0,1,0,'',0,'',0,0,0.0000),(645,1,1,0,'',0,'',0,0,0.0000),(646,1,1,0,'',0,'',0,0,0.0000),(647,1,0,0,'',0,'',0,0,10800.0000),(648,1,0,0,'',0,'',0,0,10800.0000),(649,1,0,0,'',0,'',0,0,-1.8300),(650,1,0,0,'',0,'',0,0,-1.8300),(651,0,0,0,'',0,'',0,1,0.0000),(652,0,0,0,'',0,'',0,1,0.0000),(653,0,0,0,'',0,'',0,1,0.0000),(654,0,0,0,'',0,'',0,1,0.0000),(655,0,0,0,'',0,'',0,1000000,0.0000),(656,0,0,0,'',0,'',0,1000000,0.0000),(657,0,0,0,'',0,'',0,1000000,0.0000),(658,0,0,0,'',0,'',0,1000000,0.0000),(659,1,0,0,'',0,'',0,0,0.0833),(660,1,0,0,'',0,'',0,0,0.0833),(661,0,0,0,'',0,'',0,0,0.0000),(662,0,0,0,'',0,'',0,0,0.0000),(663,0,0,0,'',0,'',0,0,0.0000),(664,0,0,0,'',0,'',0,811,0.0000),(665,0,1,0,'',0,'',0,0,0.0000),(666,0,1,0,'',0,'',0,0,0.0000),(667,0,1,0,'',0,'',0,0,0.0000),(668,0,1,0,'',0,'',0,0,0.0000),(669,0,1,0,'',0,'',0,0,0.0000),(670,0,1,0,'',0,'',0,0,0.0000),(671,1,1,0,'',0,'',0,0,150000.0000),(672,1,1,0,'',0,'',0,0,21600.0000),(673,1,1,0,'',0,'',0,0,0.3000),(674,1,1,0,'',0,'',0,0,3.0000),(675,0,0,0,'',0,'',0,171,0.0000),(676,0,1,0,'',0,'',0,0,0.0000),(677,0,1,0,'',0,'',0,0,0.0000),(678,0,1,0,'',0,'',0,0,0.0000),(679,1,1,0,'',0,'',0,0,0.1500),(680,1,1,0,'',0,'',0,0,2.0000),(681,1,1,0,'',0,'',0,0,700000.0000),(682,1,1,0,'',0,'',0,0,21600.0000),(683,0,0,0,'',0,'',0,0,0.0000),(684,0,0,0,'',0,'',0,217,0.0000),(685,0,1,0,'',0,'',0,0,0.0000),(686,0,1,0,'',0,'',0,0,0.0000),(687,0,1,0,'',0,'',0,0,0.0000),(688,1,1,0,'',0,'',0,0,0.3000),(689,1,1,0,'',0,'',0,0,3.0000),(690,1,1,0,'',0,'',0,0,50000.0000),(691,1,1,0,'',0,'',0,0,86400.0000),(692,0,0,0,'',0,'',0,0,0.0000),(693,0,0,0,'',0,'',0,317,0.0000),(694,0,0,0,'',0,'',0,0,0.0000),(695,0,0,0,'',0,'',0,0,0.0000),(696,0,0,0,'',0,'',0,0,0.0000),(697,0,0,0,'',0,'',0,0,0.0000),(698,0,0,0,'',0,'',0,0,0.0000),(699,0,0,0,'',0,'',0,0,0.0000),(700,0,0,0,'',0,'',0,0,0.0000),(701,0,0,0,'',0,'',0,0,0.0000),(702,0,0,0,'',0,'',0,0,0.0000),(703,0,0,0,'',0,'',0,0,0.0000),(704,0,0,0,'',0,'',0,0,0.0000),(705,0,0,0,'',0,'',0,0,0.0000),(706,0,0,0,'',0,'',0,0,0.0000),(707,0,0,0,'',0,'',0,0,0.0000),(708,0,0,0,'',0,'',0,0,0.0000),(709,0,0,0,'',0,'',0,0,0.0000),(710,0,0,0,'',0,'',0,0,0.0000),(711,0,0,0,'',0,'',0,0,0.0000),(712,0,0,0,'',0,'',0,0,0.0000),(713,0,0,0,'',0,'',0,0,0.0000),(714,0,0,0,'',0,'',0,0,0.0000),(715,0,0,0,'',0,'',0,0,0.0000),(716,0,0,0,'',0,'',0,0,0.0000),(717,0,0,0,'',0,'',0,0,0.0000),(718,0,0,0,'',0,'',0,0,0.0000),(719,0,0,0,'',0,'',0,0,0.0000),(720,0,0,0,'',0,'',0,0,0.0000),(721,0,0,0,'',0,'',0,0,0.0000),(722,0,0,0,'',0,'',0,0,0.0000),(723,0,0,0,'',0,'',0,0,0.0000),(724,0,0,0,'',0,'',0,0,0.0000),(725,0,0,0,'',0,'',0,0,0.0000),(726,0,0,0,'',0,'',0,0,0.0000),(727,0,0,0,'',0,'',0,0,0.0000),(728,0,0,0,'',0,'',0,0,0.0000),(729,0,0,0,'',0,'',0,0,0.0000),(730,0,0,0,'',0,'',0,0,0.0000),(731,0,0,0,'',0,'',0,0,0.0000),(732,0,0,0,'',0,'',0,0,0.0000),(733,0,0,0,'',0,'',0,0,0.0000),(734,0,0,0,'',0,'',0,0,0.0000),(735,0,0,0,'',0,'',0,0,0.0000),(736,0,0,0,'',0,'',0,0,0.0000),(737,0,0,0,'',0,'',0,0,0.0000),(738,0,0,0,'',0,'',0,0,0.0000),(739,0,0,0,'',0,'',0,0,0.0000),(740,0,0,0,'',0,'',0,0,0.0000),(741,0,0,0,'',0,'',0,0,0.0000),(742,0,0,0,'',0,'',0,0,0.0000),(743,0,0,0,'',0,'',0,0,0.0000),(744,0,0,0,'',0,'',0,0,0.0000),(745,0,0,0,'',0,'',0,0,0.0000),(746,0,0,0,'',0,'',0,0,0.0000),(747,0,0,0,'',0,'',0,0,0.0000),(748,0,0,0,'',0,'',0,0,0.0000),(749,0,0,0,'',0,'',0,0,0.0000),(750,0,0,0,'',0,'',0,0,0.0000),(751,0,0,0,'',0,'',0,0,0.0000),(752,0,0,0,'',0,'',0,0,0.0000),(753,0,1,0,'',0,'',0,0,0.0000),(754,0,1,0,'',0,'',0,0,0.0000),(755,0,1,0,'',0,'',0,0,0.0000),(756,0,1,0,'',0,'',0,0,0.0000),(757,1,1,0,'',0,'',0,0,0.0000),(758,0,1,0,'',0,'',0,0,0.0000),(759,0,1,0,'',0,'',0,0,0.0000),(760,0,1,0,'',0,'',0,0,0.0000),(761,0,1,0,'',0,'',0,0,0.0000),(762,0,1,0,'',0,'',0,0,0.0000),(763,0,1,0,'',0,'',0,0,0.0000),(764,0,1,0,'',0,'',0,0,0.0000),(765,0,1,0,'',0,'',0,0,0.0000),(766,0,1,0,'',0,'',0,0,0.0000),(767,0,1,0,'',0,'',0,0,0.0000),(768,0,1,0,'',0,'',0,0,0.0000),(769,0,1,0,'',0,'',0,0,0.0000),(770,0,1,0,'',0,'',0,0,0.0000),(771,0,1,0,'',0,'',0,0,0.0000),(772,0,1,0,'',0,'',0,0,0.0000),(773,0,1,0,'',0,'',0,0,0.0000),(774,0,1,0,'',0,'',0,0,0.0000),(775,0,1,0,'',0,'',0,0,0.0000),(776,0,1,0,'',0,'',0,0,0.0000),(777,0,1,0,'',0,'',0,0,0.0000),(778,0,1,0,'',0,'',0,0,0.0000),(779,0,1,0,'',0,'',0,1,0.0000),(780,0,1,0,'',0,'',0,1,0.0000),(781,1,1,0,'',0,'',0,0,0.0003),(782,1,1,0,'',0,'',0,0,0.0003),(783,1,1,0,'',0,'',0,0,0.0003),(784,1,1,0,'',0,'',0,0,0.0003),(785,1,0,0,'',0,'',0,0,0.0000),(786,0,0,0,'',0,'',0,0,0.0000),(787,0,0,0,'',0,'',0,0,0.0000),(788,0,0,0,'',0,'',0,0,0.0000),(789,1,1,0,'',0,'',0,0,0.0000),(790,0,1,0,'',0,'',0,0,0.0000),(791,0,1,0,'',0,'',0,0,0.0000),(792,0,1,0,'',0,'',0,0,0.0000),(793,0,1,0,'',0,'',0,0,0.0000),(794,0,1,0,'',0,'',0,1,0.0000),(795,0,1,0,'',0,'',0,0,0.0000),(796,0,1,0,'',0,'',0,0,0.0000),(797,0,1,0,'',0,'',0,0,0.0000),(798,0,1,0,'',0,'',0,0,0.0000),(799,1,1,0,'',0,'',0,0,0.0003),(800,0,1,0,'',0,'',0,3,0.0000),(801,0,1,0,'',0,'',0,3,0.0000),(802,0,1,0,'',0,'',0,0,0.0000),(803,0,1,0,'',0,'',0,0,0.0000),(804,0,1,0,'',0,'',0,0,0.0000),(805,2,0,0,'',0,'wrffdda_d<domain>',0,0,0.0000),(806,0,0,0,'',0,'',0,0,0.0000),(807,0,0,0,'',0,'',0,0,0.0000),(808,0,0,0,'',0,'',0,0,0.0000),(809,0,1,0,'',0,'',0,0,0.0000),(810,0,1,0,'',0,'',0,0,0.0000),(811,0,1,0,'',0,'',0,0,0.0000),(812,0,1,0,'',0,'',0,0,0.0000),(813,0,1,0,'',0,'',0,0,0.0000),(814,0,1,0,'',0,'',0,0,0.0000),(815,0,1,0,'',0,'',0,0,0.0000),(816,0,1,0,'',0,'',0,0,0.0000),(817,0,1,0,'',0,'',0,0,0.0000),(818,0,1,0,'',0,'',0,0,0.0000),(819,0,1,0,'',0,'',0,0,0.0000),(820,0,1,0,'',0,'',0,0,0.0000),(821,0,1,0,'',0,'',0,0,0.0000),(822,0,1,0,'',0,'',0,0,0.0000),(823,0,1,0,'',0,'',0,0,0.0000),(824,0,1,0,'',0,'',0,0,0.0000),(825,0,1,0,'',0,'',0,0,0.0000),(826,0,1,0,'',0,'',0,0,0.0000),(827,0,0,0,'',0,'',0,0,0.0000),(828,0,0,0,'',0,'',0,0,0.0000),(829,0,0,0,'',0,'',0,0,0.0000),(830,0,0,0,'',0,'',0,0,0.0000),(831,0,0,0,'',0,'',0,0,0.0000),(832,0,0,0,'',0,'',0,0,0.0000),(833,0,0,0,'',0,'',0,0,0.0000),(834,0,0,0,'',0,'',0,0,0.0000),(835,0,0,0,'',0,'',0,0,0.0000),(836,0,0,0,'',0,'',0,0,0.0000),(837,0,0,0,'',0,'',0,0,0.0000),(838,1,1,0,'',0,'',0,0,0.2500),(839,1,1,0,'',0,'',0,0,0.1500),(840,1,1,0,'',0,'',0,0,5000.0000),(841,1,1,0,'',0,'',0,0,0.0000),(842,0,0,0,'',0,'',0,0,0.0000),(843,0,0,0,'',0,'',0,0,0.0000),(844,0,0,0,'',0,'',0,0,0.0000),(845,1,0,0,'',0,'',0,0,200.0000),(846,1,0,0,'',0,'',0,0,0.0000),(847,1,0,0,'',0,'',0,0,-11.0000),(848,3,0,0,'',0,'',0,0,0.0000),(849,3,0,0,'',0,'',0,0,0.0000),(850,3,0,0,'',0,'',0,0,0.0000),(851,1,1,0,'',0,'',0,0,0.0000),(852,1,1,0,'',0,'',0,0,0.0000),(853,1,1,0,'',0,'',0,0,0.1000),(854,1,1,0,'',0,'',0,0,0.0100),(855,1,1,0,'',0,'',0,0,0.1000),(856,3,1,0,'',0,'',0,0,0.0000),(857,3,1,0,'',0,'',0,0,0.0000),(858,3,1,0,'',0,'',0,0,0.0000),(859,3,1,0,'',0,'',0,0,0.0000),(860,3,1,0,'',0,'',0,0,0.0000),(861,3,1,0,'',0,'',0,0,0.0000),(862,0,1,0,'',0,'',0,0,0.0000),(863,0,1,0,'',0,'',0,0,0.0000),(864,0,1,0,'',0,'',0,0,0.0000),(865,1,1,0,'',0,'',0,0,0.1000),(866,0,1,0,'',0,'',0,0,0.0000),(867,1,1,0,'',0,'',0,0,0.0000),(868,1,1,0,'',0,'',0,0,0.0000),(869,1,0,0,'',0,'',0,0,91.0000),(870,3,0,0,'',0,'',0,0,0.0000),(871,3,0,0,'',0,'',0,0,0.0000),(872,3,0,0,'',0,'',0,0,0.0000),(873,3,0,0,'',0,'',0,0,0.0000),(874,3,0,0,'',0,'',0,0,0.0000),(875,3,0,0,'',0,'',0,0,0.0000),(876,3,0,0,'',0,'',0,0,0.0000),(877,3,0,0,'',0,'',0,0,0.0000),(878,3,0,0,'',0,'',0,0,0.0000),(879,3,0,0,'',0,'',0,0,0.0000),(880,3,0,0,'',0,'',0,0,0.0000),(881,3,0,0,'',0,'',0,0,0.0000),(882,0,0,0,'',0,'',0,0,0.0000),(883,0,0,0,'',0,'',0,0,0.0000),(884,0,0,0,'',0,'',0,0,0.0000),(885,0,1,0,'',0,'',0,0,0.0000),(886,0,1,0,'',0,'',0,0,0.0000),(887,0,1,0,'',0,'',0,0,0.0000),(888,0,1,0,'',0,'',0,0,0.0000),(889,0,1,0,'',0,'',0,0,0.0000),(890,0,1,0,'',0,'',0,0,0.0000),(891,0,1,0,'',0,'',0,0,0.0000),(892,0,1,0,'',0,'',0,0,0.0000),(893,0,1,0,'',0,'',0,0,0.0000),(894,0,1,0,'',0,'',0,0,0.0000),(895,0,1,0,'',0,'',0,0,0.0000),(896,0,1,0,'',0,'',0,0,0.0000),(897,0,1,0,'',0,'',0,0,0.0000),(898,0,1,0,'',0,'',0,0,0.0000),(899,0,1,0,'',0,'',0,0,0.0000),(900,0,1,0,'',0,'',0,0,0.0000),(901,0,1,0,'',0,'',0,0,0.0000),(902,1,1,0,'',0,'',0,0,0.1200),(903,0,1,0,'',0,'',0,5,0.0000),(904,0,1,0,'',0,'',0,3,0.0000),(905,0,1,0,'',0,'',0,5,0.0000),(906,0,1,0,'',0,'',0,3,0.0000),(907,0,1,0,'',0,'',0,0,0.0000),(908,0,1,0,'',0,'',0,0,0.0000),(909,0,1,0,'',0,'',0,0,0.0000),(910,0,1,0,'',0,'',0,0,0.0000),(911,0,1,0,'',0,'',0,0,0.0000),(912,0,1,0,'',0,'',0,0,0.0000),(913,0,1,0,'',0,'',0,0,0.0000),(914,0,1,0,'',0,'',0,0,0.0000),(915,0,1,0,'',0,'',0,0,0.0000),(916,0,1,0,'',0,'',0,0,0.0000),(917,0,1,0,'',0,'',0,0,0.0000),(918,0,1,0,'',0,'',0,0,0.0000),(919,0,1,0,'',0,'',0,0,0.0000),(920,0,1,0,'',0,'',0,0,0.0000),(921,0,1,0,'',0,'',0,0,0.0000),(922,0,1,0,'',0,'',0,0,0.0000),(923,0,1,0,'',0,'',0,0,0.0000),(924,0,1,0,'',0,'',0,0,0.0000),(925,0,1,0,'',0,'',0,0,0.0000),(926,0,1,0,'',0,'',0,0,0.0000),(927,0,1,0,'',0,'',0,0,0.0000),(928,0,1,0,'',0,'',0,0,0.0000),(929,0,1,0,'',0,'',0,0,0.0000),(930,0,1,0,'',0,'',0,0,0.0000),(931,0,1,0,'',0,'',0,0,0.0000),(932,0,1,0,'',0,'',0,0,0.0000),(933,0,1,0,'',0,'',0,0,0.0000),(934,0,1,0,'',0,'',0,0,0.0000),(935,0,1,0,'',0,'',0,0,0.0000),(936,0,1,0,'',0,'',0,0,0.0000),(937,0,1,0,'',0,'',0,0,0.0000),(938,0,1,0,'',0,'',0,0,0.0000),(939,0,1,0,'',0,'',0,0,0.0000),(940,0,0,0,'',0,'',0,5,0.0000),(941,0,0,0,'',0,'',0,1,0.0000),(942,0,0,0,'',0,'',0,4,0.0000),(943,1,0,0,'',0,'',0,0,0.0000),(944,3,1,0,'',0,'',0,0,0.0000),(945,3,1,0,'',0,'',0,0,0.0000),(946,3,1,0,'',0,'',0,0,0.0000),(947,3,1,0,'',0,'',0,0,0.0000),(948,3,1,0,'',0,'',0,0,0.0000),(949,3,1,0,'',0,'',0,0,0.0000),(950,3,1,0,'',0,'',0,0,0.0000),(951,3,1,0,'',0,'',0,0,0.0000),(952,3,1,0,'',0,'',0,0,0.0000),(953,3,1,0,'',0,'',0,0,0.0000),(954,3,1,0,'',0,'',0,0,0.0000),(955,3,1,0,'',0,'',0,0,0.0000),(956,3,1,0,'',0,'',0,0,0.0000),(957,3,1,0,'',0,'',0,0,0.0000),(958,3,1,0,'',0,'',0,0,0.0000),(959,3,1,0,'',0,'',0,0,0.0000),(960,3,1,0,'',0,'',0,0,0.0000),(961,3,1,0,'',0,'',0,0,0.0000),(962,3,1,0,'',0,'',0,0,0.0000),(963,3,1,0,'',0,'',0,0,0.0000),(964,3,1,0,'',0,'',0,0,0.0000),(965,3,1,0,'',0,'',0,0,0.0000),(966,3,1,0,'',0,'',0,0,0.0000),(967,3,1,0,'',0,'',0,0,0.0000),(968,3,1,0,'',0,'',0,0,0.0000),(969,3,1,0,'',0,'',0,0,0.0000),(970,3,1,0,'',0,'',0,0,0.0000),(971,3,1,0,'',0,'',0,0,0.0000),(972,3,1,0,'',0,'',0,0,0.0000),(973,3,1,0,'',0,'',0,0,0.0000),(974,3,1,0,'',0,'',0,0,0.0000),(975,3,1,0,'',0,'',0,0,0.0000),(976,3,1,0,'',0,'',0,0,0.0000),(977,3,0,0,'',0,'',0,0,0.0000),(978,3,0,0,'',0,'',0,0,0.0000),(979,3,0,0,'',0,'',0,0,0.0000),(980,0,0,0,'',0,'',0,0,0.0000),(981,0,0,0,'',0,'',0,0,0.0000),(982,0,0,0,'',0,'',0,0,0.0000),(983,3,1,0,'',0,'',0,0,0.0000),(984,3,1,0,'',0,'',0,0,0.0000),(985,3,1,0,'',0,'',0,0,0.0000),(986,3,1,0,'',0,'',0,0,0.0000),(987,3,1,0,'',0,'',0,0,0.0000),(988,3,1,0,'',0,'',0,0,0.0000),(989,3,1,0,'',1,'',0,0,0.0000),(990,3,1,0,'',0,'',0,0,0.0000),(991,0,0,0,'',0,'',0,0,0.0000),(992,0,0,0,'',0,'',0,0,0.0000),(993,0,0,0,'',0,'',0,0,0.0000),(994,0,0,0,'',0,'',0,0,0.0000),(995,0,0,0,'',0,'',0,0,0.0000),(996,0,0,0,'',0,'',0,0,0.0000),(997,0,0,0,'',0,'',0,0,0.0000),(998,0,0,0,'',0,'',0,0,0.0000),(999,0,0,0,'',0,'',0,0,0.0000),(1000,0,0,0,'',0,'',0,0,0.0000),(1001,0,0,0,'',0,'',0,0,0.0000),(1002,0,0,0,'',0,'',0,0,0.0000),(1003,0,0,0,'',0,'',0,0,0.0000),(1004,0,0,0,'',0,'',0,0,0.0000),(1005,0,0,0,'',0,'',0,0,0.0000),(1006,3,0,0,'',0,'',0,0,0.0000),(1007,3,0,0,'',0,'',0,0,0.0000),(1008,3,0,0,'',0,'',0,0,0.0000),(1009,3,0,0,'',0,'',0,0,0.0000),(1010,3,0,0,'',0,'',0,0,0.0000),(1011,3,0,0,'',0,'',0,0,0.0000),(1012,0,0,0,'',0,'',0,3600,0.0000),(1013,0,0,0,'',0,'',0,1000,0.0000),(1014,0,0,0,'',0,'',0,0,0.0000),(1015,0,0,0,'',0,'',0,0,0.0000),(1016,0,0,0,'',0,'',0,0,0.0000),(1017,0,0,0,'',0,'',0,0,0.0000),(1018,0,0,0,'',0,'',0,0,0.0000),(1019,0,0,0,'',0,'',0,0,0.0000),(1020,0,0,0,'',0,'',0,0,0.0000),(1021,0,0,0,'',0,'',0,0,0.0000),(1022,0,0,0,'',0,'',0,0,0.0000),(1023,0,0,0,'',0,'',0,0,0.0000),(1024,0,0,0,'',0,'',0,0,0.0000),(1025,0,0,0,'',0,'',0,0,0.0000),(1026,0,0,0,'',0,'',0,0,0.0000),(1027,0,0,0,'',0,'',0,0,0.0000),(1028,0,0,0,'',0,'',0,0,0.0000),(1029,2,0,0,'',0,'',0,0,0.0000),(1030,2,0,0,'',0,'',0,0,0.0000),(1031,2,0,0,'',0,'',0,0,0.0000),(1032,2,0,0,'',0,'',0,0,0.0000),(1033,2,0,0,'',0,'',0,0,0.0000),(1034,2,0,0,'',0,'',0,0,0.0000),(1035,2,0,0,'',0,'',0,0,0.0000),(1036,2,0,0,'',0,'',0,0,0.0000),(1037,0,0,0,'',0,'',0,0,0.0000),(1038,0,0,0,'',0,'',0,0,0.0000),(1039,0,0,0,'',0,'',0,3,0.0000),(1040,0,0,0,'',0,'',0,0,0.0000),(1041,0,0,0,'',0,'',0,1,0.0000);
/*!40000 ALTER TABLE `validation` ENABLE KEYS */;
UNLOCK TABLES;
/*!40103 SET TIME_ZONE=@OLD_TIME_ZONE */;

/*!40101 SET SQL_MODE=@OLD_SQL_MODE */;
/*!40014 SET FOREIGN_KEY_CHECKS=@OLD_FOREIGN_KEY_CHECKS */;
/*!40014 SET UNIQUE_CHECKS=@OLD_UNIQUE_CHECKS */;
/*!40101 SET CHARACTER_SET_CLIENT=@OLD_CHARACTER_SET_CLIENT */;
/*!40101 SET CHARACTER_SET_RESULTS=@OLD_CHARACTER_SET_RESULTS */;
/*!40101 SET COLLATION_CONNECTION=@OLD_COLLATION_CONNECTION */;
/*!40111 SET SQL_NOTES=@OLD_SQL_NOTES */;

-- Dump completed on 2018-07-02 14:17:30
